"SemiImplicitEulerMethod_time","SemiImplicitEulerMethod_energyChange"
0,0
182640,0.0007859237956
365200,0.00165284289
547760,0.001144818773
730320,0.0002204938921
912880,0.0003882850747
1095440,0.001504046172
1278000,0.001710752535
1460560,0.0007402440426
1643120,0.0001364676542
1825680,0.0009137861866
2008240,0.001832602318
2190800,0.001336144328
2373360,0.0001973849734
2555920,0.0001527203593
2738480,0.001426482286
2921040,0.001906920396
3103600,0.0009255791706
3286160,9.813535757e-05
3468720,0.0007811666234
3651280,0.001916409448
3833840,0.001644190174
4016400,0.0005137325076
4198960,0.0002536905929
4381520,0.001261481945
4564080,0.001810820182
4746640,0.001069613519
4929200,0.0002316003692
5111760,0.0006674326741
5294320,0.001758592567
5476880,0.001677109298
5659440,0.0006389685664
5842000,0.0003330538928
6024560,0.001354274123
6207120,0.001966559405
6389680,0.001117990655
6572240,0.0001226632574
6754800,0.0005608676851
6937360,0.001757050259
7119920,0.001717942942
7302480,0.0006258477271
7485040,0.0001771927254
7667600,0.001171074292
7850160,0.002041011995
8032720,0.001413123104
8215280,0.000330802355
8397840,0.0004219747341
8580400,0.001528666837
8762960,0.001749009828
8945520,0.0007255993653
9128080,5.402387923e-05
9310640,0.0008547405082
9493200,0.001797288656
9675760,0.001333351306
9858320,0.0003396391625
10040880,0.0004298517403
10223440,0.00152385858
10406000,0.001744193072
10588560,0.0007063144668
10771120,9.622384418e-06
10953680,0.0007399310925
11136240,0.001686907517
11318800,0.001258841246
11501360,0.0001376942606
11683920,7.151732935e-05
11866480,0.001290915003
12049040,0.001796663367
12231600,0.0008422315914
12414160,5.439012202e-05
12596720,0.0004641266081
12779280,0.001551205957
12961840,0.001345032875
13144400,0.0001862284867
13326960,0.0001506388424
13509520,0.0008661098196
13692080,0.001524210226
13874640,0.000792151173
14057200,7.926361272e-05
14239760,0.0003631254277
14422320,0.001448243215
14604880,0.001290338674
14787440,0.0001955476801
14970000,0.0001586290467
15152560,0.0007747746496
15335120,0.001406315133
15517680,0.0006423715765
15700240,0.0003131407953
15882800,5.085664765e-05
16065360,0.00126383729
16247920,0.001349227526
16430480,0.0002601995392
16613040,0.0003250793748
16795600,0.0005909409496
16978160,0.001527848154
17160720,0.000886808299
17343280,0.000257446346
17525840,0.0001916127974
17708400,0.0009840980452
17890960,0.001260615718
18073520,0.0002931361577
18256080,0.0003101439267
18438640,0.0004644745356
18621200,0.001354888258
18803760,0.0009217602368
18986320,5.897355556e-05
19168880,8.88167557e-05
19351440,0.0009555573604
19534000,0.001266836546
19716560,0.0003029823815
19899120,0.0004369867613
20081680,0.0003002666342
20264240,0.001400922176
20446800,0.001049836198
20629360,0.0001003468392
20811920,0.0002136764062
20994480,0.001023864465
21177040,0.001531659668
21359600,0.0005794294379
21542160,0.0003460611977
21724720,0.0001417647369
21907280,0.001260906744
22089840,0.001158812284
22272400,9.800581504e-05
22454960,0.00025151947
22637520,0.000750677772
22820080,0.001480286413
23002640,0.0008293036916
23185200,8.462742616e-05
23367760,0.000267018899
23550320,0.001335315695
23732880,0.00125149633
23915440,0.0001898877002
24098000,0.0001737837327
24280560,0.0008167056038
24463120,0.001532144182
24645680,0.0008202770149
24828240,0.0001469347925
25010800,0.0002207206424
25193360,0.001454410285
25375920,0.001559772184
25558480,0.0004447768707
25741040,0.0001868802135
25923600,0.000708768976
26106160,0.001681211237
26288720,0.001123621841
26471280,9.618469627e-07
26653840,4.692185299e-05
26836400,0.001250337239
27018960,0.001655070447
27201520,0.0007385727111
27384080,4.265637823e-05
27566640,0.0007167820089
27749200,0.001662922376
27931760,0.001306237407
28114320,0.0002826914604
28296880,0.0002002806934
28479440,0.001251182008
28662000,0.001629777975
28844560,0.0007045211016
29027120,4.106961248e-06
29209680,0.0007447876524
29392240,0.00181867407
29574800,0.00147977281
29757360,0.0003607932408
29939920,0.0002168105713
30122480,0.001360625426
30305040,0.001903288598
30487600,0.001001427526
30670160,5.025315284e-05
30852720,0.0004946560891
31035280,0.00169329333
31217840,0.001682709715
31400400,0.0005706273366
31582960,0.0001561667099
31765520,0.001186202137
31948080,0.001967464397
32130640,0.001266583249
32313200,0.0002936935225
32495760,0.0005862417489
32678320,0.001653474301
32860880,0.001625290629
33043440,0.0005998682829
33226000,0.0002211811835
33408560,0.001136482131
33591120,0.001908719377
33773680,0.001302172939
33956240,0.0003344423333
34138800,0.0005715542637
34321360,0.001756517157
34503920,0.001891086942
34686480,0.000762838024
34869040,6.323838745e-05
35051600,0.0009088071442
35234160,0.001937350631
35416720,0.001400922063
35599280,0.0002859722978
35781840,0.0003308424612
35964400,0.001536683408
36146960,0.001925799819
36329520,0.0009921131644
36512080,0.0002489715368
36694640,0.0008594237421
36877200,0.001787675366
37059760,0.001418146527
37242320,0.0003844470954
37424880,0.0002234461359
37607440,0.001283765261
37790000,0.001759164876
37972560,0.0008835205412
38155120,0.000112760231
38337680,0.0007602508999
38520240,0.001828834604
38702800,0.00151507092
38885360,0.0003355152236
39067920,4.932014161e-05
39250480,0.001170234557
39433040,0.001752245364
39615600,0.0008850664245
39798160,8.194871126e-05
39980720,0.0003539789629
40163280,0.001573718366
40345840,0.001574527772
40528400,0.0004774204241
40710960,1.621159178e-05
40893520,0.0009308888315
41076080,0.001628884047
41258640,0.0009676553287
41441200,5.147356302e-05
41623760,0.0001534564377
41806320,0.001239228999
41988880,0.001324057896
42171440,0.0003357936004
42354000,0.0001279790005
42536560,0.0007901176312
42719120,0.001622130662
42901680,0.0009757711992
43084240,0.0001121772829
43266800,7.883943829e-05
43449360,0.001234901776
43631920,0.001379035444
43814480,0.0002758482593
43997040,0.0004042661749
44179600,0.0004386362136
44362160,0.001467530878
44544720,0.001035031566
44727280,4.985421516e-05
44909840,0.0001131699041
45092400,0.0009893212454
45274960,0.001453113292
45457520,0.0005157852654
45640080,0.0003297948419
45822640,0.0002278359304
46005200,0.001246488957
46187760,0.0009737929801
46370320,7.199074827e-05
46552880,0.0001765961542
46735440,0.0009495192393
46918000,0.001422089184
47100560,0.0005138656701
47283120,0.0002643994426
47465680,0.000307429968
47648240,0.001329143975
47830800,0.001067207311
48013360,6.85147841e-05
48195920,0.0003754950713
48378480,0.0007169640714
48561040,0.001449499032
48743600,0.0006831461891
48926160,0.000312500754
49108720,6.042271628e-05
49291280,0.001329211032
49473840,0.001370271835
49656400,0.0002358169653
49838960,0.0002890339244
50021520,0.0006091169033
50204080,0.001386231724
50386640,0.0007744502724
50569200,0.0001666203826
50751760,6.832210218e-05
50934320,0.001164188026
51116880,0.001289129675
51299440,0.0003416990059
51482000,0.0001427294423
51664560,0.000703933687
51847120,0.001536350987
52029680,0.0009282353538
52212240,0.0001494489198
52394800,9.654765875e-06
52577360,0.001220724139
52759920,0.001479793659
52942480,0.0004228922796
53125040,0.0002771580075
53307600,0.0005685296767
53490160,0.00167713005
53672720,0.001267704273
53855280,0.0001275964544
54037840,1.674973706e-05
54220400,0.001094303416
54402960,0.001595047595
54585520,0.0007124773591
54768080,0.0001292738499
54950640,0.0004145151243
55133200,0.001475598434
55315760,0.001286578199
55498320,0.0003076427131
55680880,0.0001414500179
55863440,0.001182958778
56046000,0.001682125758
56228560,0.0008480256969
56411120,3.246945043e-05
56593680,0.0005520137624
56776240,0.001614356865
56958800,0.001422865776
57141360,0.0002945543927
57323920,3.121656101e-05
57506480,0.001124304464
57689040,0.001888502695
57871600,0.001100681922
58054160,7.479865218e-05
58236720,0.0004344099717
58419280,0.001666801433
58601840,0.001708872936
58784400,0.0005902420191
58966960,3.718995304e-05
59149520,0.0009141841421
59332080,0.001759848138
59514640,0.001260460816
59697200,0.0002924727304
59879760,0.0004314240563
60062320,0.001550659008
60244880,0.001779019102
60427440,0.0008144252582
60610000,0.0002179648056
60792560,0.001008538932
60975120,0.001863409406
61157680,0.001283772505
61340240,0.0001961332997
61522800,0.0003407623826
61705360,0.001567030603
61887920,0.00185066997
62070480,0.0008482244333
62253040,0.000160552596
62435600,0.0009340585383
62618160,0.001985991239
62800720,0.001608560814
62983280,0.0004577979083
63165840,0.0002483032006
63348400,0.001324453607
63530960,0.001892943616
63713520,0.001027111726
63896080,0.0001343745019
64078640,0.0006787477888
64261200,0.00180870914
64443760,0.001642159126
64626320,0.0005854387906
64808880,0.0003468058368
64991440,0.00134893656
65174000,0.001861173659
65356560,0.001006120734
65539120,0.000140128146
65721680,0.0006089430072
65904240,0.001682929736
66086800,0.001585273211
66269360,0.0005059084168
66451920,0.0001467735647
66634480,0.001217862674
66817040,0.00199140339
66999600,0.001220243817
67182160,0.0001349439336
67364720,0.0003571995654
67547280,0.001544575491
67729840,0.001644058767
67912400,0.0005266572006
68094960,6.120598377e-05
68277520,0.0008141784245
68460080,0.001724140527
68642640,0.001221770977
68825200,0.0002255083056
69007760,0.0003319155433
69190320,0.001419261058
69372880,0.001584288921
69555440,0.0005709605305
69738000,6.214559714e-05
69920560,0.0006582584821
70103120,0.001544521693
70285680,0.001046930625
70468240,3.67115069e-06
70650800,6.474024412e-05
70833360,0.001260271806
71015920,0.001613893648
71198480,0.0006056098238
71381040,0.0002166534627
71563600,0.000448712802
71746160,0.001538066401
71928720,0.001165269939
72111280,2.360369685e-05
72293840,0.0002558068029
72476400,0.0008763814256
72658960,0.001488480214
72841520,0.000665385761
73024080,0.000182621085
73206640,0.0003209794328
73389200,0.001356286399
73571760,0.001180847505
73754320,0.0001417978623
73936880,0.0002110873926
74119440,0.0007201446321
74302000,0.001313670719
74484560,0.0005546483371
74667120,0.0003426557764
74849680,0.0001023858406
75032240,0.0012950938
75214800,0.001252237535
75397360,0.0001119390008
75579920,0.0003161970445
75762480,0.0007511944892
75945040,0.001502287896
76127600,0.0007379432744
76310160,0.0003378714195
76492720,0.0001186187185
76675280,0.00107559211
76857840,0.001267789006
77040400,0.0002651798592
77222960,0.0003334652663
77405520,0.0004686091789
77588080,0.001409074524
77770640,0.0009832119094
77953200,7.862771105e-05
78135760,7.449036087e-05
78318320,0.001010046358
78500880,0.00126420703
78683440,0.0002881597246
78866000,0.0003351199523
79048560,0.0004738845729
79231120,0.001430504242
79413680,0.0009674326645
79596240,7.94775572e-05
79778800,1.409377045e-05
79961360,0.001144404659
80143920,0.001516326921
80326480,0.0005237618356
80509040,0.0003316920297
80691600,0.0002886591127
80874160,0.001431602027
81056720,0.001194296127
81239280,4.208190797e-05
81421840,0.0002212172162
81604400,0.0009177471312
81786960,0.00163419737
81969520,0.0008448173409
82152080,6.991309864e-05
82334640,0.0003397856848
82517200,0.001395755482
82699760,0.001307076726
82882320,0.0002907123981
83064880,5.265792116e-05
83247440,0.0008860060224
83430000,0.00154381724
83612560,0.0008355523962
83795120,2.40133304e-05
83977680,0.0004108086201
84160240,0.001566510974
84342800,0.001522657377
84525360,0.0004007359225
84707920,5.180496197e-05
84890480,0.0009515585941
85073040,0.001762513095
85255600,0.001069168085
85438160,4.172368704e-06
85620720,0.0001807432268
85803280,0.001450597064
85985840,0.001752556075
86168400,0.0007259151763
86350960,3.641896921e-05
86533520,0.0008199662949
86716080,0.00182045303
86898640,0.001379671565
87081200,0.0002873281596
87263760,0.0002489641132
87446320,0.001338673477
87628880,0.001654468057
87811440,0.0007539910521
87994000,0.0001468984334
88176560,0.0008626478956
88359120,0.001817648716
88541680,0.001454195153
88724240,0.0004330376275
88906800,0.0003725735024
89089360,0.001477987993
89271920,0.001904556123
89454480,0.0009355236067
89637040,3.802110677e-05
89819600,0.0006417131994
90002160,0.001863347737
90184720,0.001644184531
90367280,0.0004847561131
90549840,0.0002215373595
90732400,0.001356080823
90914960,0.002030127347
91097520,0.00122937335
91280080,0.0002805123461
91462640,0.0006241755877
91645200,0.001676737206
91827760,0.001638631495
92010320,0.0006471373144
92192880,0.0002161139716
92375440,0.001147501434
92558000,0.001918786542
92740560,0.001273406992
92923120,0.0003308398639
93105680,0.0006551831766
93288240,0.00178834688
93470800,0.001769625961
93653360,0.0006223705702
93835920,7.082372904e-05
94018480,0.001044815959
94201040,0.001885583601
94383600,0.001261234242
94566160,0.0002080914439
94748720,0.0003589105468
94931280,0.001591639124
95113840,0.00189627418
95296400,0.0008738985182
95478960,0.0001294220052
95661520,0.0008185956374
95844080,0.001756057921
96026640,0.001354842476
96209200,0.0002328247392
96391760,0.0001414127545
96574320,0.00124627403
96756880,0.001649635789
96939440,0.0007687743999
97122000,7.353955414e-05
97304560,0.000735219837
97487120,0.001709632772
97669680,0.001322056451
97852240,0.0001814309533
98034800,5.093512371e-05
98217360,0.001124581926
98399920,0.001592550161
98582480,0.0006645331219
98765040,0.0002195022396
98947600,0.0003696848507
99130160,0.001564136809
99312720,0.001405939045
99495280,0.0002621383452
99677840,0.0001175572231
99860400,0.0008636229565
100042960,0.001583312632
100225520,0.00080156773
100408080,0.0002276373515
100590640,5.004270756e-05
100773200,0.001179184545
100955760,0.001237580565
101138320,0.0002192795634
101320880,0.0001987007697
101503440,0.0007646796393
101686000,0.001505861443
101868560,0.000795973273
102051120,0.0001579950705
102233680,8.454550621e-05
102416240,0.001157523647
102598800,0.001202138853
102781360,0.0001338883157
102963920,0.0004246969192
103146480,0.0004794084081
103329040,0.001438277996
103511600,0.0009162717567
103694160,0.0001905881091
103876720,0.000155700369
104059280,0.001103121302
104241840,0.001438492891
104424400,0.0003718826651
104606960,0.0004246135285
104789520,0.0002674092492
104972080,0.001281367158
105154640,0.0009321175161
105337200,8.895592199e-05
105519760,0.0001400340338
105702320,0.0009337877431
105884880,0.001351815596
106067440,0.0005299912985
106250000,0.0002125028808
106432560,0.0003390289138
106615120,0.001324843637
106797680,0.001018781132
106980240,9.837775109e-05
107162800,0.000288170848
107345360,0.0008743114107
107527920,0.001475250881
107710480,0.0005863111488
107893040,0.0003241802197
108075600,0.000256307538
108258160,0.001481586623
108440720,0.001341887834
108623280,0.0001871917438
108805840,0.0002468387827
108988400,0.0007280514287
109170960,0.001500046083
109353520,0.0008318489244
109536080,0.0001622718819
109718640,8.814282819e-05
109901200,0.001244167365
110083760,0.001393907352
110266320,0.0004292192065
110448880,5.946336257e-05
110631440,0.0008122929293
110814000,0.001567489609
110996560,0.0009345208183
111179120,3.224506521e-05
111361680,0.0002034851368
111544240,0.001331982154
111726800,0.001460838643
111909360,0.0004241204288
112091920,0.0001424776591
112274480,0.0008043867656
112457040,0.001788207339
112639600,0.001252998766
112822160,0.0001062569944
113004720,0.0001136834433
113187280,0.001340455593
113369840,0.001716447118
113552400,0.0006954928388
113734960,0.00011178648
113917520,0.0005561109625
114100080,0.001638473784
114282640,0.001418999481
114465200,0.0003791423687
114647760,0.0002110487111
114830320,0.001260266806
115012880,0.001781753141
115195440,0.0009696336485
115378000,0.0001551519197
115560560,0.0006599175404
115743120,0.001674976562
115925680,0.0014191361
116108240,0.0003227513776
116290800,0.0001648822757
116473360,0.001305041944
116655920,0.001894880336
116838480,0.001048474671
117021040,0.0001576042459
117203600,0.0006536533101
117386160,0.001814868681
117568720,0.00172345659
117751280,0.0005779016046
117933840,8.811804274e-05
118116400,0.001047727119
118298960,0.001924934269
118481520,0.001289950738
118664080,0.0002427994159
118846640,0.0004771192561
119029200,0.001688421769
119211760,0.001848850722
119394320,0.000814938482
119576880,0.0002577452512
119759440,0.001076646088
119942000,0.001850237168
120124560,0.001245157082
120307120,0.0002756021267
120489680,0.0004499057406
120672240,0.001558198326
120854800,0.001787108928
121037360,0.0008170142476
121219920,0.0002029799546
121402480,0.001038165889
121585040,0.002023589691
121767600,0.001510266686
121950160,0.0003266444217
122132720,0.0002340242436
122315280,0.001429455081
122497840,0.001860030353
122680400,0.0008591626878
122862960,4.417826413e-05
123045520,0.0007000109342
123228080,0.001803466031
123410640,0.001568526842
123593200,0.0005036886639
123775760,0.000279883067
123958320,0.001280148946
124140880,0.001760690018
124323440,0.0009218230996
124506000,7.502686024e-05
124688560,0.0005238445319
124871120,0.001586342207
125053680,0.001421586207
125236240,0.0003581968887
125418800,0.0001150792598
125601360,0.001195748668
125783920,0.001818176738
125966480,0.0009681200555
126149040,4.715688185e-05
126331600,0.0003257640378
126514160,0.001507508892
126696720,0.00144818649
126879280,0.0002978570467
127061840,0.000214941869
127244400,0.0007717952585
127426960,0.001670046695
127609520,0.001063356031
127792080,3.414477182e-05
127974640,0.0002090885754
128157200,0.001305609661
128339760,0.001444630345
128522320,0.0004420878804
128704880,0.0002018417921
128887440,0.0005453129309
129070000,0.001388657002
129252560,0.0008889221387
129435120,0.0001050067793
129617680,1.658726977e-05
129800240,0.001192547803
129982800,0.001458320629
130165360,0.000408075464
130347920,0.0003020891321
130530480,0.0005084978665
130713040,0.001467556575
130895600,0.0009713013185
131078160,0.0001846889266
131260720,0.0002604564683
131443280,0.0009299386239
131625840,0.001432324081
131808400,0.0005418417886
131990960,0.0002864320979
132173520,0.0002547442485
132356080,0.001339646716
132538640,0.001177458322
132721200,5.065517224e-05
132903760,0.0002768874128
133086320,0.000719410675
133268880,0.001304656691
133451440,0.0005108526621
133634000,0.0003277544185
133816560,0.0002017396053
133999120,0.001314275727
134181680,0.001149743436
134364240,7.667595417e-05
134546800,0.0001738502703
134729360,0.0008376110096
134911920,0.001468775869
135094480,0.0006709185885
135277040,0.0003374794259
135459600,1.148754324e-05
135642160,0.001209817471
135824720,0.001302186677
136007280,0.0001984425514
136189840,0.0003604287285
136372400,0.0006049181182
136554960,0.001581814973
136737520,0.0009852591956
136920080,0.000100050496
137102640,2.266484463e-06
137285200,0.001113211638
137467760,0.001329358813
137650320,0.0003786207048
137832880,0.0002055075004
138015440,0.0005598823619
138198000,0.00144519035
138380560,0.000996065431
138563120,4.178706736e-05
138745680,0.00012220322
138928240,0.00124546717
139110800,0.001518318346
139293360,0.0004916272651
139475920,0.0002400982772
139658480,0.0005298322292
139841040,0.001578660308
140023600,0.001165901461
140206160,2.451102682e-05
140388720,7.85927381e-05
140571280,0.001166576678
140753840,0.001749824417
140936400,0.0008495938682
141118960,5.332583801e-05
141301520,0.0004472320198
141484080,0.001575589442
141666640,0.001437276616
141849200,0.0003307425102
142031760,2.050212554e-05
142214320,0.000973220452
142396880,0.00161858492
142579440,0.0009150578824
142762000,9.879318407e-05
142944560,0.0005341214696
143127120,0.001602294371
143309680,0.001507929965
143492240,0.0004736785055
143674800,0.0001310775584
143857360,0.001105348041
144039920,0.001796013201
144222480,0.001047579838
144405040,2.687608672e-05
144587600,0.0003667518517
144770160,0.001665852599
144952720,0.001768496894
145135280,0.0006452733567
145317840,7.478231918e-05
145500400,0.001024639812
145682960,0.001948867231
145865520,0.001357465463
146048080,0.0002614630104
146230640,0.0003133579288
146413200,0.001422803961
146595760,0.001725142501
146778320,0.0008389248449
146960880,0.0001751759244
147143440,0.0008888889503
147326000,0.001867149076
147508560,0.001497263983
147691120,0.0004686126661
147873680,0.0004504503385
148056240,0.001553000861
148238800,0.001857221592
148421360,0.0008346089524
148603920,6.835813754e-05
148786480,0.0008328537323
148969040,0.001876399289
149151600,0.001517204588
149334160,0.0004221357324
149516720,0.0002951570684
149699280,0.00145397549
149881840,0.002027534834
150064400,0.001145534578
150246960,0.0001959017837
150429520,0.000616071671
150612080,0.001724653493
150794640,0.001657188149
150977200,0.0005349513956
151159760,0.0001518938839
151342320,0.001181854919
151524880,0.001900973438
151707440,0.001186609215
151890000,0.0002882668605
152072560,0.0006558773899
152255120,0.0017079042
152437680,0.001609537298
152620240,0.0005032827618
152802800,0.000101788088
152985360,0.001024058938
153167920,0.001766614857
153350480,0.001090361339
153533040,8.351718731e-05
153715600,0.0003757065881
153898160,0.001629109859
154080720,0.001770459807
154263280,0.0006512430355
154445840,1.711309778e-05
154628400,0.0007875367479
154810960,0.001738658292
154993520,0.001183716487
155176080,5.429145325e-05
155358640,5.070396877e-05
155541200,0.001193481753
155723760,0.001568139698
155906320,0.0006589813595
156088880,2.945353098e-05
156271440,0.0006659241471
156454000,0.001599541766
156636560,0.001147859745
156819120,9.389257269e-05
157001680,2.208631597e-06
157184240,0.001053939543
157366800,0.001419277408
157549360,0.000485453219
157731920,0.0002685780852
157914480,0.000410469215
158097040,0.001507255008
158279600,0.001226933068
158462160,7.456861113e-05
158644720,0.0002083702774
158827280,0.0009225989336
159009840,0.001525521478
159192400,0.0006169748686
159374960,0.0003844677861
159557520,3.458707724e-05
159740080,0.001215001989
159922640,0.001181002903
160105200,0.000132180497
160287760,0.0002187715269
160470320,0.0007463119035
160652880,0.001415841753
160835440,0.0007550115241
161018000,0.0001785303631
161200560,6.656103201e-05
161383120,0.001113068754
161565680,0.001121496719
161748240,6.45889705e-05
161930800,0.00040278705
162113360,0.0005849778542
162295920,0.001452928896
162478480,0.0007927602927
162661040,0.0002746510738
162843600,1.212181337e-05
163026160,0.001228720804
163208720,0.001366713792
163391280,0.0002607610616
163573840,0.0004228911913
163756400,0.0003715889166
163938960,0.001360460118
164121520,0.000952028075
164304080,0.0001033092663
164486640,0.0001481088535
164669200,0.000978957558
164851760,0.001438640653
165034320,0.0005593676104
165216880,0.0002166141798
165399440,0.0003999569869
165582000,0.001358407493
165764560,0.0009857436768
165947120,6.28971658e-05
166129680,0.0001150943704
166312240,0.001005630035
166494800,0.001438206893
166677360,0.0005406252413
166859920,0.0002132336401
167042480,0.0004639012897
167225040,0.001568124191
167407600,0.001315615441
167590160,0.000145139838
167772720,0.0001820707047
167955280,0.0009188015921
168137840,0.00162072745
168320400,0.0007972492319
168502960,0.0002039304826
168685520,0.0001886116772
168868080,0.001417907735
169050640,0.001498545829
169233200,0.0004461989544
169415760,9.027534609e-06
169598320,0.0008870814881
169780880,0.001639170948
169963440,0.001029257232
170146000,8.351410096e-05
170328560,0.0003033038972
170511120,0.001385973402
170693680,0.001470009789
170876240,0.0004569371862
171058800,2.909811501e-05
171241360,0.0009868662072
171423920,0.001825986069
171606480,0.001185833088
171789040,0.0001363761037
171971600,0.0003226524637
172154160,0.001515466948
172336720,0.001720496547
172519280,0.0006560015322
172701840,6.413525673e-05
172884400,0.0007124708613
173066960,0.001827011637
173249520,0.001474616152
173432080,0.0003550630397
173614640,0.0002579812247
173797200,0.00143658203
173979760,0.001921970394
174162320,0.0009961839434
174344880,0.000174341195
174527440,0.0007484360244
174710000,0.001725518256
174892560,0.001414780713
175075120,0.0004188022526
175257680,0.0003088145284
175440240,0.001359275974
175622800,0.001873452578
175805360,0.001067011969
175987920,0.0002598854097
176170480,0.0007972708593
176353040,0.001897866345
176535600,0.001692071646
176718160,0.0005071475272
176900720,0.0001199353869
177083280,0.001233664582
177265840,0.001995522591
177448400,0.001186298969
177630960,0.0001943168131
177813520,0.0005870387166
177996080,0.001797224434
178178640,0.001839564917
178361200,0.0007711926745
178543760,0.000251570149
178726320,0.001086975955
178908880,0.001838966688
179091440,0.001249753587
179274000,0.0002698090338
179456560,0.0004187385503
179639120,0.001556371195
179821680,0.001748065546
180004240,0.0007544751801
180186800,0.0002205278271
180369360,0.001103267485
180551920,0.001958190121
180734480,0.001333522547
180917040,0.0001999045746
181099600,0.0002684569298
181282160,0.001457765987
181464720,0.001714263557
181647280,0.0006874823471
181829840,5.302557226e-05
182012400,0.0007033011958
182194960,0.001803092852
182377520,0.001462679966
182560080,0.0003317884108
182742640,0.0001607758353
182925200,0.001219311532
183107760,0.001678008044
183290320,0.0007935140822
183472880,8.435568188e-05
183655440,0.0004322304664
183838000,0.001467879905
184020560,0.001263044212
184203120,0.0002416176372
184385680,4.928311368e-05
184568240,0.001104185574
184750800,0.001643642681
184933360,0.0007560003063
185115920,0.0001692345984
185298480,0.0003246745273
185481040,0.001404682985
185663600,0.001227998901
185846160,7.491386994e-05
186028720,0.0002940367629
186211280,0.000790993446
186393840,0.001579993612
186576400,0.0008624727658
186758960,0.0001458801225
186941520,9.906746738e-05
187124080,0.001249490441
187306640,0.001373231863
187489200,0.0002614949319
187671760,0.0003610741515
187854320,0.0004607896829
188036880,0.001324345367
188219440,0.0007819641082
188402000,0.0002027537359
188584560,4.926933092e-07
188767120,0.001157385397
188949680,0.001312004529
189132240,0.0002913473025
189314800,0.0002571379872
189497360,0.0005247213109
189679920,0.001373029656
189862480,0.0008359754805
190045040,0.0002494746064
190227600,0.0002243133597
190410160,0.000984596476
190592720,0.001401646926
190775280,0.0004208442796
190957840,0.0003938530982
191140400,0.0003122359311
191322960,0.001472517526
191505520,0.001125515773
191688080,5.180318236e-05
191870640,0.0002726477319
192053200,0.0008015809315
192235760,0.001333421632
192418320,0.0005242620888
192600880,0.0002670624594
192783440,0.0002534811585
192966000,0.001297896217
193148560,0.001150025549
193331120,0.0001737124845
193513680,9.137566696e-05
193696240,0.0008994965989
193878800,0.001474219958
194061360,0.000633632538
194243920,0.000304962004
194426480,0.000163742638
194609040,0.001357282618
194791600,0.001273357715
194974160,0.0001390962588
195156720,0.0002565841914
195339280,0.0008529712964
195521840,0.001686629043
195704400,0.0009782279507
195886960,8.268234701e-05
196069520,0.0001072325707
196252080,0.001285490183
196434640,0.001479718211
196617200,0.0004458263688
196799760,0.0001818530145
196982320,0.000630766294
197164880,0.001552901296
197347440,0.001109128843
197530000,0.0001361295366
197712560,0.0002372561312
197895120,0.001324348368
198077680,0.001531886551
198260240,0.0005653373182
198442800,3.808087147e-05
198625360,0.0007313542716
198807920,0.001641405554
198990480,0.001167713849
199173040,8.608981165e-05
199355600,0.0001278025694
199538160,0.001394557657
199720720,0.001821842566
199903280,0.0008226439303
200085840,1.149337736e-05
200268400,0.0006683283147
200450960,0.001789616003
200633520,0.001480018362
200816080,0.0003138121926
200998640,5.307487029e-05
201181200,0.001120647949
201363760,0.001756744921
201546320,0.001028207423
201728880,0.0001594057595
201911440,0.0005917650274
202094000,0.001691744013
202276560,0.001627288069
202459120,0.0005930104371
202641680,0.0002491546309
202824240,0.001217488837
203006800,0.001834664006
203189360,0.001031136247
203371920,0.0001038234743
203554480,0.0005844264089
203737040,0.001747968532
203919600,0.001696398707
204102160,0.0006108015436
204284720,0.000192135066
204467280,0.001189521375
204649840,0.002008195237
204832400,0.001332028702
205014960,0.0002390719989
205197520,0.0003611789199
205380080,0.001545183704
205562640,0.001829693872
205745200,0.0007862372794
205927760,0.0001264319696
206110320,0.0009670183382
206292880,0.001952933274
206475440,0.001489803747
206658000,0.0004510345455
206840560,0.0004849433929
207023120,0.001543282921
207205680,0.001765497881
207388240,0.0007749147348
207570800,0.0001377087292
207753360,0.0008395992758
207935920,0.001792230035
208118480,0.001412880526
208301040,0.0003545021844
208483600,0.0003175863579
208666160,0.001511318194
208848720,0.001963437838
209031280,0.0009702360045
209213840,6.087566756e-05
209396400,0.0006214134464
209578960,0.001771166618
209761520,0.00151278597
209944080,0.0003525377583
210126640,6.562888297e-05
210309200,0.001143984511
210491760,0.001811735449
210674320,0.00105756046
210856880,0.000155716012
211039440,0.0005397982848
211222000,0.001584470753
211404560,0.001451056282
211587120,0.0004035371379
211769680,1.592030272e-06
211952240,0.000928560183
212134800,0.001612558162
212317360,0.0008958793374
212499920,2.24337976e-05
212682480,0.0003668653822
212865040,0.001542831413
213047600,0.001549356382
213230160,0.0004146360481
213412720,0.000158855016
213595280,0.000786415264
213777840,0.001629802703
213960400,0.000952590021
214142960,0.0001719570633
214325520,5.271111283e-05
214508080,0.001179329439
214690640,0.001476791773
214873200,0.0004808359219
215055760,0.0001702884019
215238320,0.0005826753723
215420880,0.001476694714
215603440,0.001053338243
215786000,3.766851654e-06
215968560,7.489150197e-05
216151120,0.0009677108021
216333680,0.001304777882
216516240,0.0003892822452
216698800,0.0003125454058
216881360,0.0004121532158
217063920,0.001457319551
217246480,0.001071786772
217429040,7.993765305e-05
217611600,0.0001677638632
217794160,0.0009953168866
217976720,0.001429393294
218159280,0.0004548883872
218341840,0.0004383606568
218524400,0.0001255708544
218706960,0.00128211672
218889520,0.001151163336
219072080,7.497410812e-05
219254640,0.0002581185573
219437200,0.0007521676572
219619760,0.001486722938
219802320,0.0007633499015
219984880,0.0002280913582
220167440,7.166964711e-05
220350000,0.0011517241
220532560,0.001108450396
220715120,6.116486642e-05
220897680,0.0002983468441
221080240,0.0007075196862
221262800,0.001429927519
221445360,0.0007195937696
221627920,0.0001982171328
221810480,0.0001628347134
221993040,0.001297090724
222175600,0.001337895688
222358160,0.0002308149948
222540720,0.0003595027451
222723280,0.0005497909382
222905840,0.001510276843
223088400,0.0009538044514
223270960,0.0001627849466
223453520,8.467729969e-05
223636080,0.001174625848
223818640,0.00155124606
224001200,0.0005399152517
224183760,0.0001931936919
224366320,0.0004922053289
224548880,0.001435940152
224731440,0.001064500622
224914000,5.359100355e-05
225096560,5.401517562e-07
225279120,0.001064987571
225461680,0.001465234096
225644240,0.0006039278006
225826800,6.097952347e-05
226009360,0.0006203739304
226191920,0.001637928563
226374480,0.001269973635
226557040,0.0001357979209
226739600,8.434638419e-06
226922160,0.001142804313
227104720,0.001656899076
227287280,0.0007331849802
227469840,0.0001736904304
227652400,0.0003758908535
227834960,0.001632320066
228017520,0.001551384839
228200080,0.000425703321
228382640,1.70720866e-05
228565200,0.001032858837
228747760,0.001801743589
228930320,0.001090261469
229112880,9.161181903e-05
229295440,0.0003667497379
229478000,0.00147466591
229660560,0.001511139557
229843120,0.0005472624303
230025680,0.0001514610151
230208240,0.001061072912
230390800,0.001803806385
230573360,0.001177449914
230755920,0.0002333210011
230938480,0.0004791007495
231121040,0.001604900532
231303600,0.001702348692
231486160,0.0006057842567
231668720,1.381803073e-05
231851280,0.0009374054652
232033840,0.001954214017
232216400,0.001402807698
232398960,0.0002904192744
232581520,0.000372834468
232764080,0.001603411436
232946640,0.001943469053
233129200,0.000938164602
233311760,0.0001630458127
233494320,0.0007894904001
233676880,0.001756253788
233859440,0.001463354039
234042000,0.0004460301649
234224560,0.0003012325928
234407120,0.001388022857
234589680,0.001901794968
234772240,0.001059730531
234954800,0.0002834507611
235137360,0.0008906858559
235319920,0.001909970172
235502480,0.001567189663
235685040,0.0004099173026
235867600,0.0002172944312
236050160,0.001357291268
236232720,0.001905548122
236415280,0.001051775106
236597840,0.0001556808472
236780400,0.000649157066
236962960,0.001842884307
237145520,0.00178291935
237328080,0.0006470354352
237510640,0.0001594736953
237693200,0.001082853434
237875760,0.001846718899
238058320,0.001177482464
238240880,0.0001409028097
238423440,0.0003953401444
238606000,0.001558886891
238788560,0.001666688575
238971120,0.0006712333646
239153680,0.0002037211712
239336240,0.001072053639
239518800,0.001822177782
239701360,0.001147973791
239883920,0.0001029660226
240066480,0.0002865633503
240249040,0.001389377435
240431600,0.001547398124
240614160,0.0004916571513
240796720,0.0001293667854
240979280,0.0007655388145
241161840,0.001782389797
241344400,0.001282069553
241526960,0.0001405069599
241709520,7.443553398e-05
241892080,0.001200659185
242074640,0.001616285971
242257200,0.0006150873205
242439760,0.0002276690222
242622320,0.0003670172225
242804880,0.001422533029
242987440,0.001175969208
243170000,0.0001262251421
243352560,1.961135522e-05
243535120,0.001058436717
243717680,0.001501378016
243900240,0.0005951672852
244082800,0.000202663965
244265360,0.0003032874628
244447920,0.001301831985
244630480,0.001047668492
244813040,3.666080502e-05
244995600,0.0002724619223
245178160,0.0008354834258
245360720,0.00151532044
245543280,0.0007160112618
245725840,0.0002779490362
245908400,9.954922753e-05
246090960,0.001334583474
246273520,0.001276784469
246456080,9.105257554e-05
246638640,0.0004419221256
246821200,0.000508867557
247003760,0.001337365903
247186320,0.0007199937982
247368880,0.0002293701628
247551440,2.182189952e-05
247734000,0.001124160929
247916560,0.00125173693
248099120,0.0003106195612
248281680,0.0002485133278
248464240,0.000530584773
248646800,0.001339999769
248829360,0.0007622748954
249011920,0.0002831446906
249194480,0.0001307775663
249377040,0.001098701509
249559600,0.001357411477
249742160,0.0002982212435
249924720,0.0003747101594
250107280,0.0005126409897
250289840,0.001526640278
250472400,0.001043293249
250654960,0.0001070229501
250837520,0.0002164644606
251020080,0.0009162086963
251202640,0.001415220032
251385200,0.0005425301851
251567760,0.0002834635509
251750320,0.0002850619596
251932880,0.001391826157
252115440,0.001246142092
252298000,0.0001943535516
252480560,4.01626989e-05
252663120,0.0009752016224
252845680,0.001465955024
253028240,0.0006236213621
253210800,0.000188331349
253393360,0.0003450212776
253575920,0.001406056116
253758480,0.001223347937
253941040,0.0001528792153
254123600,8.427934254e-05
254306160,0.001040168775
254488720,0.001744327048
254671280,0.0009408757972
254853840,8.972055867e-05
255036400,0.0002585369774
255218960,0.001491929313
255401520,0.001525360849
255584080,0.0003849374566
255766640,0.0001613206823
255949200,0.000780780733
256131760,0.001707544696
256314320,0.001181697222
256496880,0.0001704945843
256679440,0.0003010375749
256862000,0.001412628204
257044560,0.001640471446
257227120,0.000680103349
257409680,6.742336536e-05
257592240,0.0008228830174
257774800,0.001688987626
257957360,0.001171398041
258139920,0.0001651319196
258322480,0.0003418008554
258505040,0.001532081068
258687600,0.001797375189
258870160,0.0007867932786
259052720,0.0001083578009
259235280,0.0008789483764
259417840,0.001880387073
259600400,0.001455712479
259782960,0.000299781125
259965520,0.0001311208718
260148080,0.001292863349
260330640,0.00191111044
260513200,0.001024848829
260695760,0.000137754446
260878320,0.0007128813071
261060880,0.001876528485
261243440,0.001703365698
261426000,0.0006032460369
261608560,0.0003140037385
261791120,0.001297631996
261973680,0.001832666036
262156240,0.00103699994
262338800,0.0002288372436
262521360,0.0006673409676
262703920,0.00173832324
262886480,0.001671808361
263069040,0.0006372975774
263251600,0.0002875363193
263434160,0.001313595426
263616720,0.002039728609
263799280,0.0012498924
263981840,0.0001703026547
264164400,0.000442850602
264346960,0.001706850461
264529520,0.001776225675
264712080,0.0006613884272
264894640,0.0001205718812
265077200,0.001055677086
265259760,0.001972741855
265442320,0.001430866721
265624880,0.0003872702024
265807440,0.0004412248663
265990000,0.001501098586
266172560,0.001702172645
266355120,0.0007449766417
266537680,6.53519794e-05
266720240,0.000786978889
266902800,0.001733939129
267085360,0.001299091541
267267920,0.0002760716352
267450480,0.0003428814068
267633040,0.001501370037
267815600,0.001805465377
267998160,0.0007702145363
268180720,4.260769342e-05
268363280,0.0006602479899
268545840,0.001684574799
268728400,0.001302065271
268910960,0.000140607201
269093520,4.946880384e-05
269276080,0.001120867528
269458640,0.001733729785
269641200,0.0008712510842
269823760,3.580156267e-05
270006320,0.000430273326
270188880,0.001478358312
270371440,0.001343507547
270554000,0.0002400579019
270736560,0.0001427619826
270919120,0.0008108538441
271101680,0.001455452148
271284240,0.000746008143
271466800,0.0001253965433
271649360,0.0002918896055
271831920,0.001423913271
272014480,0.0013467764
272197040,0.0002030399434
272379600,0.0002165180758
272562160,0.0007624049376
272744720,0.001471335709
272927280,0.0007111276869
273109840,0.0003349413387
273292400,5.953501052e-05
273474960,0.001177710138
273657520,0.001353304764
273840080,0.0003156237864
274022640,0.0002960333198
274205200,0.0005147209164
274387760,0.001480874902
274570320,0.0009809908546
274752880,0.0001428812737
274935440,0.0001676894141
275118000,0.0009366112354
275300560,0.001247042046
275483120,0.0002977062873
275665680,0.0003412274039
275848240,0.0004388614188
276030800,0.001388158975
276213360,0.0009332167819
276395920,8.824491119e-05
276578480,7.410858417e-05
276761040,0.001005715406
276943600,0.001350241416
277126160,0.0003820670185
277308720,0.000427846835
277491280,0.0002270236187
277673840,0.001371861243
277856400,0.00112842914
278038960,2.220663562e-05
278221520,0.0002675736311
278404080,0.0009154114682
278586640,0.001584315965
278769200,0.0007046049386
278951760,0.0002624296904
279134320,0.0001447687205
279316880,0.001234093685
279499440,0.001160274065
279682000,0.0001411702845
279864560,0.0002009700993
280047120,0.0007524123028
280229680,0.001442185159
280412240,0.0007905923327
280594800,6.360457026e-05
280777360,0.0002823229007
280959920,0.001384999573
281142480,0.001344636339
281325040,0.0002360319101
281507600,0.0002185375438
281690160,0.0007821504921
281872720,0.001594202429
282055280,0.0008982432711
282237840,0.0001538195789
282420400,9.672167326e-05
282602960,0.00139621394
282785520,0.001612612071
282968080,0.0005437078092
283150640,0.0001452733857
283333200,0.0006438673397
283515760,0.001642051908
283698320,0.001201299563
283880880,0.0001030026644
284063440,5.99249087e-05
284246000,0.001186335752
284428560,0.001581783088
284611120,0.000731645727
284793680,6.293283954e-05
284976240,0.0007367178698
285158800,0.001672513927
285341360,0.00129670466
285523920,0.0002692763593
285706480,0.0001997091258
285889040,0.001274557117
286071600,0.001683156702
286254160,0.000745574496
286436720,7.837407264e-05
286619280,0.0006182193656
286801840,0.001803042736
286984400,0.001556216837
287166960,0.0003951080962
287349520,0.0001405615338
287532080,0.001283490505
287714640,0.001933465454
287897200,0.001086876631
288079760,0.0001067117518
288262320,0.0004702800728
288444880,0.001587870468
288627440,0.001623952381
288810000,0.0006132246566
288992560,0.0001712555936
289175120,0.001104086129
289357680,0.001890367148
289540240,0.001264010889
289722800,0.0003106769813
289905360,0.0005825842669
290087920,0.00168146268
290270480,0.001678947421
290453040,0.0005800796711
290635600,0.0001203209178
290818160,0.001112165311
291000720,0.00193683245
291183280,0.001311277433
291365840,0.0002944551824
291548400,0.0004883486076
291730960,0.001695023166
291913520,0.001926636883
292096080,0.0008591188913
292278640,0.0001054799247
292461200,0.0008210484146
292643760,0.001844520043
292826320,0.001457105993
293008880,0.0003295244374
293191440,0.0002727383494
293374000,0.001446985599
293556560,0.001891493175
293739120,0.0009934539613
293921680,0.0002622077577
294104240,0.0008855073368
294286800,0.001823177028
294469360,0.001439730718
294651920,0.0003605747339
294834480,0.000245509803
295017040,0.00128772534
295199600,0.00177047125
295382160,0.0008975384047
295564720,6.370748772e-05
295747280,0.0006691643346
295929840,0.001828192939
296112400,0.001612511588
296294960,0.0004241782585
296477520,4.398343972e-05
296660080,0.001088133194
296842640,0.001799927592
297025200,0.0009782951713
297207760,2.604181848e-05
297390320,0.0003170312264
297572880,0.001492618089
297755440,0.001556598871
297938000,0.0005281627515
298120560,6.33903873e-05
298303120,0.0009541097955
298485680,0.001663540736
298668240,0.0009727004665
298850800,3.98847927e-06
299033360,0.000187956271
299215920,0.001271381193
299398480,0.001352629859
299581040,0.000326182375
299763600,0.0001728034571
299946160,0.0007553288947
300128720,0.001651849813
300311280,0.001062603142
300493840,5.150662837e-05
300676400,1.168103696e-05
300858960,0.00123737687
301041520,0.001483599048
301224080,0.0003937073331
301406640,0.0003858922659
301589200,0.0003562117734
301771760,0.001420578671
301954320,0.001063227389
302136880,4.35771924e-06
302319440,8.080413927e-05
302502000,0.0009906085158
302684560,0.001402675339
302867120,0.0005575543198
303049680,0.0002555925422
303232240,0.0002645820005
303414800,0.001244268924
303597360,0.0009777817549
303779920,8.216412481e-05
303962480,0.0002414890151
304145040,0.0009025990233
304327600,0.001471538025
304510160,0.0005693333613
304692720,0.0003351879462
304875280,0.0002555113286
305057840,0.001375460858
305240400,0.001155702277
305422960,1.71030508e-05
305605520,0.0004035694491
305788080,0.0006317509787
305970640,0.001400170027
306153200,0.0007185223469
306335760,0.0002532261566
306518320,2.558849618e-05
306700880,0.001198662392
306883440,0.001357643246
307066000,0.0003109090482
307248560,0.0002479242657
307431120,0.0005979660158
307613680,0.001376400976
307796240,0.0007536127176
307978800,0.0002154062881
308161360,3.531708111e-05
308343920,0.001177854236
308526480,0.001296906887
308709040,0.0002803386026
308891600,0.0002146790865
309074160,0.0006761588263
309256720,0.001567651584
309439280,0.001003056728
309621840,0.0001228179287
309804400,9.789452719e-05
309986960,0.001128016866
310169520,0.00151113102
310352080,0.0004950481063
310534640,0.0002945210643
310717200,0.0004336985929
310899760,0.001582955476
311082320,0.00129770459
311264880,0.0001902434345
311447440,1.037836485e-05
311630000,0.001048371084
311812560,0.001536503195
311995120,0.0007166317139
312177680,8.250960133e-05
312360240,0.0004277272732
312542800,0.001451551086
312725360,0.001249954923
312907920,0.0002405681607
313090480,9.656720787e-05
313273040,0.001190623597
313455600,0.001746283484
313638160,0.0008760558272
313820720,1.90744545e-05
314003280,0.0004935929712
314185840,0.001633332108
314368400,0.001490063561
314550960,0.0003404517583
314733520,8.314789642e-05
314916080,0.0009739130409
315098640,0.001856314692
315281200,0.00118003938
315463760,0.0001342083601
315646320,0.0003680726209
315828880,0.001581927793
316011440,0.001740050086
316194000,0.000679311144
316376560,8.476436241e-05
316559120,0.0009102546835
316741680,0.001738245864
316924240,0.001199546281
317106800,0.00028528926
317289360,0.000455962219
317471920,0.001558037652
317654480,0.001767840859
317837040,0.0008126063495
318019600,0.0002190949642
318202160,0.001009266071
318384720,0.001921431432
318567280,0.001390245894
318749840,0.0002395597925
318932400,0.0002252485137
319114960,0.001504009264
319297520,0.001919376833
319480080,0.0009164635797
319662640,0.0001375459024
319845200,0.0008575339197
320027760,0.001965486666
320210320,0.001669828059
320392880,0.0005538173891
320575440,0.000311263658
320758000,0.001312823184
320940560,0.001836135936
321123120,0.001063027758
321305680,0.0001958491821
321488240,0.0006548054021
321670800,0.001760217444
321853360,0.001644880667
322035920,0.0005971018241
322218480,0.0003398047744
322401040,0.001383408735
322583600,0.00195508115
322766160,0.001085970221
322948720,0.0001105853562
323131280,0.0005652095084
323313840,0.001708632408
323496400,0.001640404252
323678960,0.0005412770464
323861520,9.607425716e-05
324044080,0.001108597711
324226640,0.001974943366
324409200,0.001319976515
324591760,0.0002361344421
324774320,0.0003671295122
324956880,0.001478779497
325139440,0.001658967723
325322000,0.0006006418676
325504560,4.654536564e-05
325687120,0.0007606770653
325869680,0.001661729782
326052240,0.00118348988
326234800,0.0002077303083
326417360,0.0003165383868
326599920,0.001421329158
326782480,0.001630310638
326965040,0.000580379032
327147600,9.203806986e-05
327330160,0.0006442308117
327512720,0.001567492118
327695280,0.001088058698
327877840,3.485153743e-05
328060400,5.868213351e-05
328242960,0.001165040298
328425520,0.001632922255
328608080,0.0006792201723
328790640,0.000177429225
328973200,0.0003715981667
329155760,0.001471247305
329338320,0.00123227895
329520880,6.410185938e-05
329703440,0.0002611453237
329886000,0.0007708685238
330068560,0.001407958953
330251120,0.0006386498316
330433680,0.0002184604037
330616240,0.0002759730488
330798800,0.001357239933
330981360,0.001173975808
331163920,0.0001118241552
331346480,0.0002058471024
331529040,0.0007362055559
331711600,0.001340112142
331894160,0.0005690286242
332076720,0.0003796906644
332259280,6.445066792e-06
332441840,0.001211434556
332624400,0.001285652366
332806960,0.0001837847707
332989520,0.000369813515
333172080,0.0006184409362
333354640,0.001536318191
333537200,0.0008595640081
333719760,0.000269248027
333902320,0.0001597564598
334084880,0.001001276517
334267440,0.001233935809
334450000,0.000270610995
334632560,0.0003145157284
334815120,0.0004582363562
334997680,0.001353509017
335180240,0.0009423163582
335362800,3.034124407e-05
335545360,3.135189491e-05
335727920,0.001038022879
335910480,0.001322278235
336093040,0.0003281261436
336275600,0.0003875349347
336458160,0.0003867900817
336640720,0.001448042467
336823280,0.001042948147
337005840,8.675430082e-05
337188400,0.000141650867
337370960,0.001101105899
337553520,0.001587978007
337736080,0.0006394744637
337918640,0.0002661980197
338101200,0.0002455261062
338283760,0.001376708793
338466320,0.001245424159
338648880,0.0001446545088
338831440,0.0001965174503
339014000,0.0008415703136
339196560,0.001560803937
339379120,0.0008847243398
339561680,4.368672993e-06
339744240,0.0003856212634
339926800,0.001438274129
340109360,0.001339738991
340291920,0.0003026506032
340474480,4.398569781e-05
340657040,0.0009140810612
340839600,0.001592798983
341022160,0.0008728271566
341204720,8.38499196e-05
341387280,0.0003149830151
341569840,0.001559785032
341752400,0.001633768494
341934960,0.0005053188045
342117520,7.032236469e-05
342300080,0.000883942556
342482640,0.001807059681
342665200,0.001191487877
342847760,7.868882948e-05
343030320,0.0001600688618
343212880,0.001349133305
343395440,0.001721364152
343578000,0.0007905758307
343760560,9.88960107e-05
343943120,0.0008016011946
344125680,0.001778582069
344308240,0.001411942417
344490800,0.0003679197943
344673360,0.0002996826918
344855920,0.001367753176
345038480,0.00170873113
345221040,0.0007540195819
345403600,7.081637849e-05
345586160,0.0008315119082
345768720,0.001863252549
345951280,0.001507222201
346133840,0.0004283018306
346316400,0.000320408017
346498960,0.001455235418
346681520,0.001972510244
346864080,0.001053976628
347046640,0.0001014933194
347229200,0.0005605675494
347411760,0.001755207114
347594320,0.001687486843
347776880,0.0005478442573
347959440,0.000179563946
348142000,0.00125182301
348324560,0.002000705189
348507120,0.001273044562
348689680,0.0003302299693
348872240,0.000655613933
349054800,0.001701203031
349237360,0.001641430151
349419920,0.0006115922431
349602480,0.0002224247796
349785040,0.001122624666
349967600,0.001886989983
350150160,0.001262426821
350332720,0.0002895604029
350515280,0.0005643130761
350697840,0.001764033677
350880400,0.001857266629
351062960,0.0007126366672
351245520,4.766414584e-05
351428080,0.0009195508097
351610640,0.001888438361
351793200,0.001310102401
351975760,0.0002072693209
352158320,0.0002672627459
352340880,0.001465138179
352523440,0.001840716699
352706000,0.0009025775349
352888560,0.0001696798985
353071120,0.0008086453421
353253680,0.001731228229
353436240,0.001326859718
353618800,0.0002728065256
353801360,0.0001283212276
353983920,0.001193472906
354166480,0.001618859346
354349040,0.0007261413847
354531600,7.672935769e-06
354714160,0.0006643015387
354896720,0.001715496395
355079280,0.001388325611
355261840,0.0002219915205
355444400,2.941948249e-05
355626960,0.001096763284
355809520,0.001642592632
355992080,0.0007387655014
356174640,0.0002284743583
356357200,0.0002429692968
356539760,0.001460004834
356722320,0.001415172741
356904880,0.00031258805
357087440,9.984282545e-05
357270000,0.0008403269299
357452560,0.001527006488
357635120,0.0008557507084
357817680,0.0001515804407
358000240,7.222766978e-05
358182800,0.001146398439
358365360,0.001210689028
358547920,0.0002093063402
358730480,0.0002409315553
358913040,0.000712187582
359095600,0.001538852076
359278160,0.0008678225381
359460720,0.0001926432959
359643280,5.552710837e-05
359825840,0.001205265798
360008400,0.001304166191
360190960,0.0001963254796
360373520,0.0004520744547
360556080,0.0003999775915
360738640,0.001401726324
360921200,0.0009586215983
361103760,0.0001167380448
361286320,0.0001546194271
361468880,0.0009905778608
361651440,0.001453838675
361834000,0.0004938119326
362016560,0.0003337086893
362199120,0.0002634879716
362381680,0.00126647171
362564240,0.0009459287712
362746800,9.48506603e-05
362929360,0.000163129794
363111920,0.0009512528152
363294480,0.001386045339
363477040,0.0004940588587
363659600,0.0002386446964
363842160,0.0003549299846
364024720,0.001375886827
364207280,0.001100268292
364389840,4.091127614e-05
364572400,0.0003251985697
364754960,0.0007931096742
364937520,0.001494464649
365000000,1.184347723e-05