"Taylor3rdDerivative_time","Taylor3rdDerivative_energyChange"
0,0
182640,0.04990073895
365200,0.08310133794
547760,0.1105711873
730320,0.1322688089
912880,0.154711903
1095440,0.1768135744
1278000,0.1950152298
1460560,0.2125905357
1643120,0.2288718252
1825680,0.2457180715
2008240,0.262791687
2190800,0.2797866255
2373360,0.2982661049
2555920,0.3196582839
2738480,0.3338597981
2921040,0.3547049395
3103600,0.3717303529
3286160,0.394054917
3468720,0.4124877378
3651280,0.4415186361
3833840,0.4582850593
4016400,0.4827108164
4198960,0.5138460178
4381520,0.5364907617
4564080,0.5652140093
4746640,0.5990721227
4929200,0.6328203924
5111760,0.6772986346
5294320,0.710057224
5476880,0.7343685513
5659440,0.756929468
5842000,0.7726889214
6024560,0.7899618383
6207120,0.8070707245
6389680,0.8185554951
6572240,0.8298481374
6754800,0.8418141414
6937360,0.8478213968
7119920,0.8537852383
7302480,0.859617595
7485040,0.865434952
7667600,0.8711014486
7850160,0.8768124937
8032720,0.8768120021
8215280,0.8826182829
8397840,0.8887342084
8580400,0.8887396704
8762960,0.894775409
8945520,0.8947800621
9128080,0.894784859
9310640,0.9008674695
9493200,0.900873867
9675760,0.9008763276
9858320,0.907107882
10040880,0.9071099841
10223440,0.9071164204
10406000,0.9071179393
10588560,0.9071249288
10771120,0.9135114566
10953680,0.9135308408
11136240,0.9135183133
11318800,0.9135265264
11501360,0.9135276993
11683920,0.9135292871
11866480,0.913539201
12049040,0.9198842827
12231600,0.9198961332
12414160,0.9198987656
12596720,0.9199064683
12779280,0.9199136667
12961840,0.9199425691
13144400,0.9199293288
13326960,0.9199334064
13509520,0.9199354339
13692080,0.9199405175
13874640,0.919955412
14057200,0.9199474823
14239760,0.9266999099
14422320,0.9267057879
14604880,0.9267075752
14787440,0.9267143531
14970000,0.9267333983
15152560,0.9267279532
15335120,0.9267339163
15517680,0.9267633832
15700240,0.9267469179
15882800,0.9267487306
16065360,0.9267538078
16247920,0.9267592369
16430480,0.9267809548
16613040,0.9267682812
16795600,0.9267760967
16978160,0.9267809385
17160720,0.9267870757
17343280,0.9267912748
17525840,0.9267973679
17708400,0.9268267219
17890960,0.9268114048
18073520,0.9268175547
18256080,0.9268232993
18438640,0.9268320638
18621200,0.9268359114
18803760,0.9268401829
18986320,0.9268430827
19168880,0.9268660546
19351440,0.9268561083
19534000,0.9268577051
19716560,0.9268625636
19899120,0.9268681832
20081680,0.9268813312
20264240,0.9268782391
20446800,0.9269050342
20629360,0.9336773255
20811920,0.9337059224
20994480,0.9336888997
21177040,0.9337048263
21359600,0.9336985462
21542160,0.9337121605
21724720,0.9337124329
21907280,0.9337392914
22089840,0.9337202761
22272400,0.9337246325
22454960,0.9337320055
22637520,0.9337361128
22820080,0.9337416993
23002640,0.9337427043
23185200,0.9337478223
23367760,0.9337594751
23550320,0.9337589293
23732880,0.9337660893
23915440,0.9337660946
24098000,0.9337720935
24280560,0.9337771229
24463120,0.9337836667
24645680,0.933806225
24828240,0.9337891124
25010800,0.9337926717
25193360,0.9338151016
25375920,0.933803228
25558480,0.9338059509
25741040,0.9338257583
25923600,0.9338135667
26106160,0.9338190704
26288720,0.9338312834
26471280,0.9338290599
26653840,0.9338383993
26836400,0.9338391915
27018960,0.9338443989
27201520,0.9338526178
27384080,0.9338571979
27566640,0.9338626274
27749200,0.9338662718
27931760,0.9338957133
28114320,0.9338781692
28296880,0.9338826992
28479440,0.9338969268
28662000,0.9338915699
28844560,0.9338982784
29027120,0.9339044418
29209680,0.9339083811
29392240,0.9339154524
29574800,0.9339256282
29757360,0.9339316728
29939920,0.9339616607
30122480,0.933944019
30305040,0.9339667263
30487600,0.9339565583
30670160,0.9339656672
30852720,0.9339711439
31035280,0.933982048
31217840,0.9339853801
31400400,0.9339926153
31582960,0.933996692
31765520,0.9340080258
31948080,0.9340079455
32130640,0.9340434877
32313200,0.934022822
32495760,0.934038659
32678320,0.9340361934
32860880,0.9340456379
33043440,0.9340470405
33226000,0.9340505669
33408560,0.9340568381
33591120,0.9340616532
33773680,0.93407329
33956240,0.9340741953
34138800,0.9340820418
34321360,0.9340878649
34503920,0.9340931162
34686480,0.934104162
34869040,0.9341064189
35051600,0.9341081314
35234160,0.9341125609
35416720,0.9341165708
35599280,0.9341375292
35781840,0.9341291273
35964400,0.9341361553
36146960,0.9341461761
36329520,0.9341459314
36512080,0.9341634154
36694640,0.9341555102
36877200,0.9341646472
37059760,0.9341685899
37242320,0.934174417
37424880,0.9342061498
37607440,0.9341856385
37790000,0.934190144
37972560,0.9341987812
38155120,0.9342022583
38337680,0.9342067966
38520240,0.934213619
38702800,0.9342198102
38885360,0.9342304126
39067920,0.9342335171
39250480,0.934237106
39433040,0.9342444297
39615600,0.9342457088
39798160,0.9342528145
39980720,0.9342666201
40163280,0.9342645401
40345840,0.9342743595
40528400,0.9342771364
40710960,0.9342824712
40893520,0.934318252
41076080,0.9342951574
41258640,0.9343000689
41441200,0.9343347246
41623760,0.9343156308
41806320,0.9343214299
41988880,0.9343300733
42171440,0.9343343519
42354000,0.9343448172
42536560,0.9343480325
42719120,0.9343535039
42901680,0.9343583297
43084240,0.9343807618
43266800,0.934374989
43449360,0.9343750535
43631920,0.9343778182
43814480,0.9343830015
43997040,0.9343869878
44179600,0.9343926184
44362160,0.9344144973
44544720,0.9344066268
44727280,0.9344103091
44909840,0.9344138775
45092400,0.9344207231
45274960,0.9344225585
45457520,0.9344275056
45640080,0.9344357536
45822640,0.9344671563
46005200,0.9344517173
46187760,0.9344515791
46370320,0.9344561975
46552880,0.9344595395
46735440,0.9344651859
46918000,0.9344735356
47100560,0.9344769193
47283120,0.9344831376
47465680,0.9344892969
47648240,0.9344962291
47830800,0.9344998986
48013360,0.9345069381
48195920,0.9345239116
48378480,0.9345434694
48561040,0.9345325056
48743600,0.9345389555
48926160,0.9345390893
49108720,0.9345418579
49291280,0.9345478457
49473840,0.9345561219
49656400,0.9345600366
49838960,0.9345672567
50021520,0.934577838
50204080,0.9345813287
50386640,0.9345865977
50569200,0.9345955752
50751760,0.9345999317
50934320,0.9346068744
51116880,0.9346152111
51299440,0.9346257937
51482000,0.9346326497
51664560,0.9346499213
51847120,0.9346836575
52029680,0.9346557377
52212240,0.9346585117
52394800,0.9346687253
52577360,0.934675446
52759920,0.934684875
52942480,0.9346933478
53125040,0.9347016789
53307600,0.9347079562
53490160,0.9347191211
53672720,0.9347720479
53855280,0.9347405394
54037840,0.9347450461
54220400,0.9347578684
54402960,0.9347651181
54585520,0.9347738077
54768080,0.934784871
54950640,0.9347961989
55133200,0.9348054645
55315760,0.9348217891
55498320,0.9348365989
55680880,0.9348404935
55863440,0.9348511948
56046000,0.9348630514
56228560,0.9348729065
56411120,0.934886017
56593680,0.9348973623
56776240,0.9349078859
56958800,0.9349209654
57141360,0.9349349846
57323920,0.9349498913
57506480,0.9349559633
57689040,0.9349694883
57871600,0.9349840658
58054160,0.9349945752
58236720,0.9350089816
58419280,0.9350267414
58601840,0.9350721091
58784400,0.9350516885
58966960,0.935067038
59149520,0.93511634
59332080,0.9350952685
59514640,0.9351119999
59697200,0.9351263883
59879760,0.9351433593
60062320,0.9351624068
60244880,0.9351744621
60427440,0.935191033
60610000,0.9352263269
60792560,0.9352269993
60975120,0.9352450175
61157680,0.9352613177
61340240,0.9352833662
61522800,0.9353208422
61705360,0.9353217231
61887920,0.9353443246
62070480,0.935362112
62253040,0.9353848462
62435600,0.9354052568
62618160,0.93542871
62800720,0.9354491667
62983280,0.9354758223
63165840,0.9354978136
63348400,0.9355248587
63530960,0.9355479744
63713520,0.9355746366
63896080,0.9355975597
64078640,0.935634021
64261200,0.9356461857
64443760,0.9356696514
64626320,0.9357006973
64808880,0.9357271244
64991440,0.9357597959
65174000,0.9357845562
65356560,0.9358607594
65539120,0.9358352707
65721680,0.9358585484
65904240,0.9358803219
66086800,0.9359096155
66269360,0.9359329608
66451920,0.9359550643
66634480,0.9359773273
66817040,0.9359979278
66999600,0.9360185074
67182160,0.9361055859
67364720,0.9361025549
67547280,0.9361062223
67729840,0.9361003166
67912400,0.9361452472
68094960,0.9361315781
68277520,0.9361478297
68460080,0.9361661247
68642640,0.9361819822
68825200,0.9361965105
69007760,0.9362386239
69190320,0.936220324
69372880,0.9362335331
69555440,0.9362443352
69738000,0.9362559996
69920560,0.9362699829
70103120,0.9362779342
70285680,0.936287146
70468240,0.9362959383
70650800,0.9363081538
70833360,0.9363171688
71015920,0.9363295594
71198480,0.9363421079
71381040,0.9363489032
71563600,0.9363587231
71746160,0.9363666608
71928720,0.9363792828
72111280,0.9363881787
72293840,0.9363984056
72476400,0.9364084728
72658960,0.9364182011
72841520,0.9364217638
73024080,0.936428642
73206640,0.9364381454
73389200,0.9364451846
73571760,0.9364543412
73754320,0.9364630153
73936880,0.9364726915
74119440,0.9364776549
74302000,0.9364836913
74484560,0.9364939451
74667120,0.9365006779
74849680,0.9365265118
75032240,0.9365194602
75214800,0.9365280754
75397360,0.9365402711
75579920,0.9365398756
75762480,0.9365491422
75945040,0.9365579902
76127600,0.9365661814
76310160,0.9365771675
76492720,0.9365864356
76675280,0.9365970738
76857840,0.9366039835
77040400,0.9366119954
77222960,0.9366194757
77405520,0.9366289986
77588080,0.9366370582
77770640,0.9366646828
77953200,0.9366562928
78135760,0.9366904781
78318320,0.9366736748
78500880,0.9366791068
78683440,0.9367327814
78866000,0.9366974009
79048560,0.9367017576
79231120,0.9367074582
79413680,0.9367148739
79596240,0.9367146404
79778800,0.9367169524
79961360,0.9367183691
80143920,0.9367227673
80326480,0.9367354699
80509040,0.9367274382
80691600,0.936728903
80874160,0.936731916
81056720,0.936736269
81239280,0.936766454
81421840,0.9367442947
81604400,0.9367447871
81786960,0.9367484738
81969520,0.9367507234
82152080,0.9367547567
82334640,0.9367618714
82517200,0.9367610536
82699760,0.9367637869
82882320,0.9367662085
83064880,0.9367690311
83247440,0.9368004376
83430000,0.9367790472
83612560,0.9367784728
83795120,0.9367810925
83977680,0.9367847645
84160240,0.9367896615
84342800,0.9367965493
84525360,0.9367958166
84707920,0.9367967632
84890480,0.9367998371
85073040,0.9368031716
85255600,0.9368077997
85438160,0.9368062602
85620720,0.9368187237
85803280,0.9368089692
85985840,0.9368128579
86168400,0.9368168591
86350960,0.9368151142
86533520,0.936816955
86716080,0.9368188695
86898640,0.9368239035
87081200,0.9368245811
87263760,0.9368254706
87446320,0.9368266195
87628880,0.936829624
87811440,0.9368335027
87994000,0.9368316513
88176560,0.9368341329
88359120,0.936837061
88541680,0.9368418523
88724240,0.9368415368
88906800,0.9368414645
89089360,0.9368434772
89271920,0.9368483716
89454480,0.9368510205
89637040,0.9368489403
89819600,0.9368509274
90002160,0.9368558147
90184720,0.9368553177
90367280,0.9368575175
90549840,0.9368597426
90732400,0.9368607242
90914960,0.9368729356
91097520,0.9368655682
91280080,0.9368654841
91462640,0.9368654708
91645200,0.9368769972
91827760,0.9368690311
92010320,0.9368708554
92192880,0.9368910645
92375440,0.9368744986
92558000,0.9368755025
92740560,0.9368807799
92923120,0.936879624
93105680,0.9368832776
93288240,0.9368859242
93470800,0.936885028
93653360,0.9368896317
93835920,0.9368895434
94018480,0.9368912954
94201040,0.9368965152
94383600,0.9368960211
94566160,0.9369202558
94748720,0.9369021806
94931280,0.9369017981
95113840,0.9369046771
95296400,0.936908177
95478960,0.936908527
95661520,0.93691207
95844080,0.9369134237
96026640,0.9369158809
96209200,0.9369186772
96391760,0.9369176662
96574320,0.9369208934
96756880,0.9369240307
96939440,0.9369256648
97122000,0.9369284262
97304560,0.9369300656
97487120,0.9369315063
97669680,0.9369363882
97852240,0.9369351671
98034800,0.9369376323
98217360,0.93694012
98399920,0.9369631379
98582480,0.9369462507
98765040,0.9369460289
98947600,0.9369480604
99130160,0.9369525805
99312720,0.9369544876
99495280,0.9369550613
99677840,0.9369572051
99860400,0.9369633954
100042960,0.9369609197
100225520,0.9369646945
100408080,0.9369680305
100590640,0.9369679297
100773200,0.9369682557
100955760,0.9369713533
101138320,0.9369760738
101320880,0.9369922918
101503440,0.9369782954
101686000,0.9369809132
101868560,0.9369815403
102051120,0.9369856802
102233680,0.9369862267
102416240,0.9369889938
102598800,0.9369927103
102781360,0.9369925486
102963920,0.9369958742
103146480,0.9369989792
103329040,0.9370009785
103511600,0.9370051224
103694160,0.9370080974
103876720,0.9370082339
104059280,0.9370118202
104241840,0.9370144579
104424400,0.9370162926
104606960,0.9370169501
104789520,0.9370195082
104972080,0.937024861
105154640,0.937029193
105337200,0.9370267402
105519760,0.9370317803
105702320,0.937034181
105884880,0.9370340895
106067440,0.9370377789
106250000,0.9370388304
106432560,0.9370423069
106615120,0.9370444818
106797680,0.9370463867
106980240,0.9370502796
107162800,0.9370520711
107345360,0.9370535866
107527920,0.9370586105
107710480,0.9370579108
107893040,0.9370611374
108075600,0.9370655223
108258160,0.9370656034
108440720,0.9370704566
108623280,0.9370730172
108805840,0.9370754281
108988400,0.9370801295
109170960,0.9370824686
109353520,0.9370831697
109536080,0.9370884383
109718640,0.9370876095
109901200,0.9370929146
110083760,0.9370963277
110266320,0.9370967001
110448880,0.9371008021
110631440,0.9371063452
110814000,0.9371069218
110996560,0.9371104317
111179120,0.9371132525
111361680,0.9371211381
111544240,0.9371205326
111726800,0.93712087
111909360,0.9371257677
112091920,0.9371306345
112274480,0.9371333362
112457040,0.9371385409
112639600,0.9371468798
112822160,0.9371431606
113004720,0.9371489781
113187280,0.9371484241
113369840,0.9371538073
113552400,0.9371572647
113734960,0.9371612781
113917520,0.9371677012
114100080,0.9371712787
114282640,0.9371743003
114465200,0.9371779979
114647760,0.9371818736
114830320,0.9371854266
115012880,0.9371876441
115195440,0.9371938792
115378000,0.9371958403
115560560,0.9372016488
115743120,0.9372035788
115925680,0.9372083766
116108240,0.93720961
116290800,0.9372451472
116473360,0.9372176625
116655920,0.937223444
116838480,0.9372246415
117021040,0.9372311272
117203600,0.9372323062
117386160,0.9372378466
117568720,0.9372666581
117751280,0.9372455405
117933840,0.9372466865
118116400,0.9372507339
118298960,0.9372557469
118481520,0.9372577257
118664080,0.9372627608
118846640,0.9372642912
119029200,0.9372908043
119211760,0.9372728824
119394320,0.9372756527
119576880,0.9372803787
119759440,0.9372822238
119942000,0.9373003116
120124560,0.9372915061
120307120,0.9372937894
120489680,0.937297935
120672240,0.9373014608
120854800,0.9373027622
121037360,0.937309018
121219920,0.937311716
121402480,0.9373141058
121585040,0.9373190674
121767600,0.9373212431
121950160,0.9373252823
122132720,0.9373324523
122315280,0.9373319595
122497840,0.9373361686
122680400,0.9373399982
122862960,0.9373423276
123045520,0.9373469701
123228080,0.9373500745
123410640,0.937352406
123593200,0.9373599698
123775760,0.9373614377
123958320,0.9373637779
124140880,0.9373691982
124323440,0.9373711177
124506000,0.9373745973
124688560,0.937380969
124871120,0.937382066
125053680,0.9373845322
125236240,0.9373898883
125418800,0.9373909347
125601360,0.9373946904
125783920,0.9373992558
125966480,0.9374007796
126149040,0.9374049191
126331600,0.9374080952
126514160,0.9374097874
126696720,0.9374154412
126879280,0.9374326865
127061840,0.9374181942
127244400,0.9374235453
127426960,0.9374268398
127609520,0.9374296057
127792080,0.9374312519
127974640,0.9374386018
128157200,0.9374381356
128339760,0.9374410498
128522320,0.9374477399
128704880,0.9374487196
128887440,0.9374523431
129070000,0.9374560389
129252560,0.9374562129
129435120,0.937459988
129617680,0.9374646402
129800240,0.9374658906
129982800,0.937471203
130165360,0.9374749775
130347920,0.9374746007
130530480,0.937479729
130713040,0.9374804629
130895600,0.9374860492
131078160,0.9374942872
131260720,0.9374889659
131443280,0.9374951388
131625840,0.9374958272
131808400,0.9374984879
131990960,0.9375043758
132173520,0.9375140166
132356080,0.9375086863
132538640,0.9375142204
132721200,0.9375156953
132903760,0.9375185636
133086320,0.9375247395
133268880,0.9375265676
133451440,0.9375569342
133634000,0.9375338776
133816560,0.9375342518
133999120,0.9375374218
134181680,0.9375438025
134364240,0.9375432793
134546800,0.9375463694
134729360,0.9375508494
134911920,0.9375531097
135094480,0.9375549941
135277040,0.9375586534
135459600,0.9375597501
135642160,0.9375645821
135824720,0.9375655251
136007280,0.9375699341
136189840,0.937573679
136372400,0.9375745887
136554960,0.9375806118
136737520,0.9375812626
136920080,0.9375853537
137102640,0.9375881072
137285200,0.9375893869
137467760,0.9375952145
137650320,0.9375951769
137832880,0.9376017675
138015440,0.9376044795
138198000,0.9376055539
138380560,0.9376101949
138563120,0.9376139685
138745680,0.9376164489
138928240,0.9376196532
139110800,0.9376247241
139293360,0.937626246
139475920,0.9376307141
139658480,0.9376340573
139841040,0.9376368594
140023600,0.9376415225
140206160,0.937644635
140388720,0.937646737
140571280,0.9376518939
140753840,0.9376542482
140936400,0.9376572372
141118960,0.9376614155
141301520,0.9376635132
141484080,0.9376677941
141666640,0.9376699639
141849200,0.9376730316
142031760,0.9376773917
142214320,0.9376793241
142396880,0.9376826867
142579440,0.9376871439
142762000,0.9376878731
142944560,0.937692839
143127120,0.9377349979
143309680,0.9376981077
143492240,0.9377037202
143674800,0.9377055322
143857360,0.937709441
144039920,0.9377152275
144222480,0.9377191433
144405040,0.9377229742
144587600,0.9377265886
144770160,0.9377316509
144952720,0.9377351641
145135280,0.9377396806
145317840,0.9377435285
145500400,0.9377487758
145682960,0.9377504039
145865520,0.937755699
146048080,0.9377597885
146230640,0.9377656801
146413200,0.9377678617
146595760,0.9377731672
146778320,0.9377777453
146960880,0.9377981337
147143440,0.9377866415
147326000,0.9377914504
147508560,0.9377971223
147691120,0.937800157
147873680,0.9378060297
148056240,0.9378101764
148238800,0.9378162977
148421360,0.9378188197
148603920,0.9378258513
148786480,0.937829878
148969040,0.9378369432
149151600,0.9378541921
149334160,0.9378476829
149516720,0.9378524096
149699280,0.937860617
149881840,0.9378653671
150064400,0.9378732674
150246960,0.9379314533
150429520,0.9378836203
150612080,0.9378890886
150794640,0.9378963925
150977200,0.9379021855
151159760,0.9379698995
151342320,0.9379144165
151524880,0.9379194298
151707440,0.9379270555
151890000,0.9396301406
152072560,0.9396332793
152255120,0.9396400823
152437680,0.9396481042
152620240,0.9396525211
152802800,0.9396571227
152985360,0.9396629085
153167920,0.9396789121
153350480,0.9396759045
153533040,0.9396818973
153715600,0.9396881687
153898160,0.939693406
154080720,0.9397023569
154263280,0.9397100013
154445840,0.9397183334
154628400,0.9397289483
154810960,0.9397415576
154993520,0.939753584
155176080,0.9397624726
155358640,0.9397698891
155541200,0.9397822968
155723760,0.9397928444
155906320,0.9398015433
156088880,0.9398116005
156271440,0.9398226813
156454000,0.9398299454
156636560,0.9398381939
156819120,0.9398478236
157001680,0.9398582758
157184240,0.9398659681
157366800,0.9398744409
157549360,0.9398838254
157731920,0.9398909941
157914480,0.9399018559
158097040,0.9399098729
158279600,0.9399146774
158462160,0.939923553
158644720,0.9399309777
158827280,0.9399402189
159009840,0.9399477482
159192400,0.9399532283
159374960,0.9399624351
159557520,0.9399696363
159740080,0.9399788787
159922640,0.9399831919
160105200,0.9399911315
160287760,0.9399966955
160470320,0.9400063029
160652880,0.9400135993
160835440,0.9400218019
161018000,0.9400267687
161200560,0.9400362915
161383120,0.9401312863
161565680,0.940055468
161748240,0.9400652968
161930800,0.9400710666
162113360,0.9400814109
162295920,0.9400891899
162478480,0.9401012353
162661040,0.940133388
162843600,0.940116489
163026160,0.9402070218
163208720,0.9401328923
163391280,0.9402108903
163573840,0.9401523406
163756400,0.94017446
163938960,0.9401676368
164121520,0.9401730864
164304080,0.9401836231
164486640,0.9401917629
164669200,0.9402020226
164851760,0.9402071604
165034320,0.9402160464
165216880,0.9402226886
165399440,0.9402307999
165582000,0.9402413029
165764560,0.9402465847
165947120,0.9402550512
166129680,0.9402614094
166312240,0.9402686411
166494800,0.9402788273
166677360,0.9402836673
166859920,0.9402881099
167042480,0.9402932141
167225040,0.9403017424
167407600,0.9403089228
167590160,0.9403147595
167772720,0.940318756
167955280,0.9403259653
168137840,0.9403313286
168320400,0.9403373065
168502960,0.9403441138
168685520,0.9404111546
168868080,0.9403563454
169050640,0.9403611514
169233200,0.9403660465
169415760,0.9403717473
169598320,0.9403781873
169780880,0.940386145
169963440,0.940389945
170146000,0.9403940305
170328560,0.940398525
170511120,0.9404035509
170693680,0.9404094231
170876240,0.9404148054
171058800,0.9404186179
171241360,0.9404217031
171423920,0.9404254285
171606480,0.9404298263
171789040,0.9404347907
171971600,0.9404405273
172154160,0.9404487678
172336720,0.940451628
172519280,0.9404550241
172701840,0.9404591459
172884400,0.940463865
173066960,0.9404691981
173249520,0.9404751054
173432080,0.9404798043
173614640,0.9404829569
173797200,0.9404867498
173979760,0.9404913058
174162320,0.9404970158
174344880,0.9405024364
174527440,0.9405075915
174710000,0.9405106763
174892560,0.9405139081
175075120,0.940517934
175257680,0.9405226342
175440240,0.9405283103
175622800,0.9405334428
175805360,0.9405361559
175987920,0.9405393332
176170480,0.9405434718
176353040,0.9405484339
176535600,0.9405542796
176718160,0.9405575237
176900720,0.9405602087
177083280,0.9405639588
177265840,0.9405686585
177448400,0.9405744615
177630960,0.9405779087
177813520,0.940580364
177996080,0.9405842409
178178640,0.940589229
178361200,0.940594899
178543760,0.9405978359
178726320,0.9406003313
178908880,0.9406592866
179091440,0.9406068702
179274000,0.9406125838
179456560,0.9406160918
179639120,0.940618336
179821680,0.9406216956
180004240,0.9406261306
180186800,0.9406321658
180369360,0.940636
180551920,0.9406379517
180734480,0.9406409815
180917040,0.9406431197
181099600,0.9406481074
181282160,0.9406535248
181464720,0.9406559881
181647280,0.9406582051
181829840,0.9406615821
182012400,0.9406655691
182194960,0.9406692515
182377520,0.9406735036
182560080,0.9406752585
182742640,0.9406783536
182925200,0.9406827603
183107760,0.9406881425
183290320,0.9406912568
183472880,0.9406914996
183655440,0.9406947042
183838000,0.9406991492
184020560,0.9407045687
184203120,0.9407071907
184385680,0.9407091895
184568240,0.9407105641
184750800,0.9407145964
184933360,0.9407198424
185115920,0.9407233047
185298480,0.9407248434
185481040,0.9407276016
185663600,0.9407300007
185846160,0.9407353081
186028720,0.9407393818
186211280,0.940740622
186393840,0.9407433485
186576400,0.9407453212
186758960,0.940750133
186941520,0.9407545543
187124080,0.9407557568
187306640,0.9407561263
187489200,0.9407590529
187671760,0.9407627172
187854320,0.9407675432
188036880,0.9407694168
188219440,0.940770393
188402000,0.9407725066
188584560,0.9408211509
188767120,0.9407787497
188949680,0.940783454
189132240,0.9407845864
189314800,0.9407851246
189497360,0.940787805
189679920,0.9407915908
189862480,0.9407966282
190045040,0.9407979561
190227600,0.9407988949
190410160,0.940801177
190592720,0.9408047474
190775280,0.9408077318
190957840,0.9408121447
191140400,0.9408128393
191322960,0.9408145945
191505520,0.940816312
191688080,0.940820421
191870640,0.9408255085
192053200,0.940826485
192235760,0.9408267024
192418320,0.9408295196
192600880,0.9408336525
192783440,0.9408388394
192966000,0.9408391679
193148560,0.9408401211
193331120,0.9408426486
193513680,0.9408462136
193696240,0.9408501759
193878800,0.9408524677
194061360,0.940853318
194243920,0.9408557693
194426480,0.9408578181
194609040,0.9408633129
194791600,0.9408669899
194974160,0.9408669978
195156720,0.9408941157
195339280,0.9408710216
195521840,0.9408758529
195704400,0.9408797406
195886960,0.9409037755
196069520,0.9408808681
196252080,0.9408841481
196434640,0.9408891117
196617200,0.9409047736
196799760,0.9408924072
196982320,0.9408941806
197164880,0.940897323
197347440,0.9409017705
197530000,0.940905324
197712560,0.9409056826
197895120,0.9409074317
198077680,0.9409103211
198260240,0.9409133184
198442800,0.9409187568
198625360,0.9409193467
198807920,0.9409207028
198990480,0.9409222406
199173040,0.9409261685
199355600,0.940931945
199538160,0.9409331374
199720720,0.9409328181
199903280,0.9409355459
200085840,0.9409399603
200268400,0.9409453068
200450960,0.9409451206
200633520,0.9409457782
200816080,0.9409489174
200998640,0.9409539911
201181200,0.9409579848
201363760,0.9409565537
201546320,0.9409587566
201728880,0.9409625017
201911440,0.9409679401
202094000,0.9409702776
202276560,0.9409692279
202459120,0.9409718304
202641680,0.9409758349
202824240,0.9409817102
203006800,0.9409816543
203189360,0.9409818582
203371920,0.9409847342
203554480,0.9409893912
203737040,0.9409944412
203919600,0.9409931157
204102160,0.940994695
204284720,0.9409973899
204467280,0.9410019605
204649840,0.9410053805
204832400,0.9410048678
205014960,0.9410066274
205197520,0.9410095719
205380080,0.941014857
205562640,0.9410171647
205745200,0.9410167604
205927760,0.9410189019
206110320,0.941022244
206292880,0.9410280156
206475440,0.9410285861
206658000,0.9410286429
206840560,0.9410307346
207023120,0.9410343265
207205680,0.941038329
207388240,0.9410406526
207570800,0.9410402398
207753360,0.9410409387
207935920,0.9410438107
208118480,0.9410484889
208301040,0.9410529942
208483600,0.9410511724
208666160,0.9410525897
208848720,0.9410549937
209031280,0.9410575172
209213840,0.9410629358
209396400,0.9410630098
209578960,0.9410621115
209761520,0.9410640213
209944080,0.9410669001
210126640,0.9410708362
210309200,0.9410741001
210491760,0.9410730074
210674320,0.9410744178
210856880,0.9410760621
211039440,0.9410804661
211222000,0.9410850487
211404560,0.941083618
211587120,0.94108404
211769680,0.9410866447
211952240,0.9410913677
212134800,0.941095533
212317360,0.9410931606
212499920,0.9410945905
212682480,0.9410970718
212865040,0.9411012045
213047600,0.941105411
213230160,0.9411038871
213412720,0.9411047388
213595280,0.9411059274
213777840,0.9411094553
213960400,0.9411153432
214142960,0.9411151653
214325520,0.9411140265
214508080,0.9411157292
214690640,0.941118263
214873200,0.9411222252
215055760,0.9411258739
215238320,0.9411241941
215420880,0.941124471
215603440,0.9411267223
215786000,0.9411307372
215968560,0.9411350599
216151120,0.9411331713
216333680,0.941133971
216516240,0.9411360278
216698800,0.9411389458
216881360,0.9411448238
217063920,0.9411431302
217246480,0.9411425768
217429040,0.9411444326
217611600,0.9411473578
217794160,0.9411523524
217976720,0.9411524135
218159280,0.9411516902
218341840,0.9411525296
218524400,0.9411552992
218706960,0.9411610476
218889520,0.9411605805
219072080,0.9411598067
219254640,0.9411613154
219437200,0.9411631559
219619760,0.9411685587
219802320,0.9411699695
219984880,0.9411679171
220167440,0.9411692577
220350000,0.9411715889
220532560,0.9411758848
220715120,0.9411790555
220897680,0.9411770606
221080240,0.9411775341
221262800,0.9411796654
221445360,0.9411835857
221627920,0.9411882094
221810480,0.941185625
221993040,0.9411859681
222175600,0.9411871988
222358160,0.9411903916
222540720,0.9411965819
222723280,0.9411942311
222905840,0.9411938673
223088400,0.9411952607
223270960,0.9411968517
223453520,0.9412022858
223636080,0.941203692
223818640,0.9412012475
224001200,0.9412023571
224183760,0.9412043907
224366320,0.9412080403
224548880,0.9412127948
224731440,0.941209787
224914000,0.9412097594
225096560,0.9412116154
225279120,0.9412150598
225461680,0.9412205692
225644240,0.9412175621
225826800,0.9412176367
226009360,0.9412188181
226191920,0.9412221557
226374480,0.9412286789
226557040,0.941225317
226739600,0.9412252678
226922160,0.9412267378
227104720,0.9412290946
227287280,0.9412356123
227469840,0.9412328145
227652400,0.9412320019
227834960,0.9412334488
228017520,0.9412373638
228200080,0.9412421306
228382640,0.9412401284
228565200,0.9412408216
228747760,0.9412402181
228930320,0.9412429072
229112880,0.9412501489
229295440,0.941246693
229478000,0.94124612
229660560,0.9412688078
229843120,0.9412500418
230025680,0.9412567549
230208240,0.9412527662
230390800,0.941252687
230573360,0.9412542959
230755920,0.9412570326
230938480,0.9412634233
231121040,0.9412595831
231303600,0.9412591948
231486160,0.9412609679
231668720,0.9412650158
231851280,0.9412690296
232033840,0.9412655187
232216400,0.9412662371
232398960,0.9412676061
232581520,0.9412725682
232764080,0.9412748893
232946640,0.9412717227
233129200,0.941272976
233311760,0.9412752413
233494320,0.9412805415
233676880,0.9412800331
233859440,0.941278337
234042000,0.9412789643
234224560,0.9412813188
234407120,0.9412881328
234589680,0.9412852845
234772240,0.9412844094
234954800,0.9412857314
235137360,0.9412881949
235319920,0.9412952149
235502480,0.9412908979
235685040,0.9412904437
235867600,0.9412920289
236050160,0.9412958076
236232720,0.9413006264
236415280,0.9412964768
236597840,0.941296976
236780400,0.9412983062
236962960,0.9413030197
237145520,0.9413107766
237328080,0.9413022904
237510640,0.9413030328
237693200,0.941323728
237875760,0.9413097403
238058320,0.9413114156
238240880,0.9413285765
238423440,0.9413090115
238606000,0.9413110305
238788560,0.9413370531
238971120,0.9413163338
239153680,0.941314338
239336240,0.9413158859
239518800,0.9413172645
239701360,0.9413247445
239883920,0.9413212433
240066480,0.9413200253
240249040,0.9413213511
240431600,0.9413244444
240614160,0.9413311068
240796720,0.9413260387
240979280,0.9413261897
241161840,0.9413272617
241344400,0.9413313311
241526960,0.9413362152
241709520,0.9413314265
241892080,0.9413319038
242074640,0.9413336255
242257200,0.9413563471
242439760,0.9413403448
242622320,0.9413371662
242804880,0.9413379811
242987440,0.9413396172
243170000,0.9413466427
243352560,0.9413443914
243535120,0.9413425479
243717680,0.9413437115
243900240,0.9413463971
244082800,0.9413539274
244265360,0.941348678
244447920,0.9413484121
244630480,0.9413493566
244813040,0.9413527461
244995600,0.9413593967
245178160,0.9413535695
245360720,0.9413538636
245543280,0.9413553391
245725840,0.9413590664
245908400,0.9413638344
246090960,0.9413591171
246273520,0.9413592377
246456080,0.9413608681
246638640,0.9413661787
246821200,0.941367439
247003760,0.9413641662
247186320,0.9413649401
247368880,0.9413665369
247551440,0.9413736971
247734000,0.9413713927
247916560,0.9413692803
248099120,0.9413702827
248281680,0.9413725465
248464240,0.9413804164
248646800,0.9413756626
248829360,0.9413747679
249011920,0.9413756075
249194480,0.9413784307
249377040,0.9413865762
249559600,0.9413801895
249742160,0.9413799773
249924720,0.9413812446
250107280,0.9413841617
250289840,0.9413915267
250472400,0.9413881308
250654960,0.9413851502
250837520,0.9413865139
251020080,0.9414041162
251202640,0.9413960559
251385200,0.9413902891
251567760,0.9414059102
251750320,0.9413917901
251932880,0.9413968161
252115440,0.9414083977
252298000,0.9413950244
252480560,0.9413957155
252663120,0.9413975701
252845680,0.9414053191
253028240,0.9414012615
253210800,0.9414000573
253393360,0.9414008722
253575920,0.9414038353
253758480,0.9414118042
253941040,0.9414048755
254123600,0.941405013
254306160,0.9414063932
254488720,0.9414105656
254671280,0.9414147194
254853840,0.9414098488
255036400,0.9414102024
255218960,0.9414118468
255401520,0.9414190669
255584080,0.9414266912
255766640,0.9414146838
255949200,0.9414156819
256131760,0.9414182785
256314320,0.9414267012
256496880,0.9414195306
256679440,0.9414195233
256862000,0.9414206057
257044560,0.9414262065
257227120,0.9414267993
257409680,0.9414234175
257592240,0.9414242377
257774800,0.9414265432
257957360,0.941441412
258139920,0.9414283338
258322480,0.9414281792
258505040,0.9414294744
258687600,0.9414346561
258870160,0.9414355699
259052720,0.9414323261
259235280,0.941432889
259417840,0.94143517
259600400,0.9414446994
259782960,0.9414374841
259965520,0.9414367864
260148080,0.9414381047
260330640,0.9414431258
260513200,0.941444905
260695760,0.9414410113
260878320,0.9414417193
261060880,0.9414435295
261243440,0.9414531953
261426000,0.9414461056
261608560,0.9414464873
261791120,0.9414466216
261973680,0.9414512566
262156240,0.9414541207
262338800,0.9414495681
262521360,0.9414502547
262703920,0.9414523002
262886480,0.9414618965
263069040,0.9414546289
263251600,0.9414541238
263434160,0.9414563316
263616720,0.9414595478
263799280,0.9414630042
263981840,0.9414583179
264164400,0.9414587206
264346960,0.9414604721
264529520,0.9414695403
264712080,0.9414637812
264894640,0.9414626128
265077200,0.9414636762
265259760,0.9414673338
265442320,0.9414733456
265624880,0.9414668785
265807440,0.9414673195
265990000,0.9414687093
266172560,0.9414766975
266355120,0.9414728396
266537680,0.9414711129
266720240,0.9414720172
266902800,0.9414751164
267085360,0.9414834799
267267920,0.9414757378
267450480,0.9414758055
267633040,0.9414771538
267815600,0.9414845191
267998160,0.9414813847
268180720,0.9414794928
268363280,0.941484287
268545840,0.9414831427
268728400,0.9414915601
268910960,0.9414837515
269093520,0.9414838451
269276080,0.9414853245
269458640,0.941492574
269641200,0.9414900265
269823760,0.9414877008
270006320,0.9414885526
270188880,0.9414911933
270371440,0.9415005059
270554000,0.9414920173
270736560,0.9414924001
270919120,0.9414933571
271101680,0.9415004847
271284240,0.9414980363
271466800,0.9414957332
271649360,0.9414966319
271831920,0.9414996114
272014480,0.9415074986
272197040,0.9414998036
272379600,0.9415001428
272562160,0.9415018793
272744720,0.9415111991
272927280,0.9415047975
273109840,0.9415037875
273292400,0.9415047045
273474960,0.9415089795
273657520,0.9415124249
273840080,0.9415075734
274022640,0.9415081021
274205200,0.941510242
274387760,0.9415219135
274570320,0.9415117529
274752880,0.9415116633
274935440,0.9415129764
275118000,0.9415196357
275300560,0.9415179369
275483120,0.9415155637
275665680,0.9415163108
275848240,0.9415192033
276030800,0.9415275367
276213360,0.9415194523
276395920,0.9415196794
276578480,0.9415211975
276761040,0.9415318908
276943600,0.9415238873
277126160,0.9415229984
277308720,0.9415252775
277491280,0.9415283577
277673840,0.9415318018
277856400,0.9415267236
278038960,0.9415272157
278221520,0.9415292332
278404080,0.9415405513
278586640,0.9415309029
278769200,0.9415306846
278951760,0.9415318967
279134320,0.9415383188
279316880,0.941536805
279499440,0.9415342764
279682000,0.9415421871
279864560,0.9415379738
280047120,0.9415459288
280229680,0.9415381079
280412240,0.9415383718
280594800,0.9415400941
280777360,0.9415515035
280959920,0.9415422908
281142480,0.9415418478
281325040,0.9415430039
281507600,0.9415491007
281690160,0.9415483833
281872720,0.9415454369
282055280,0.941547868
282237840,0.9415487841
282420400,0.941558242
282602960,0.9415493136
282785520,0.9415494898
282968080,0.941551054
283150640,0.9415618042
283333200,0.941553702
283515760,0.9415529523
283698320,0.9415540455
283880880,0.9415604636
284063440,0.9415596295
284246000,0.9415564925
284428560,0.9415573704
284611120,0.9415600604
284793680,0.9415685285
284976240,0.9415602775
285158800,0.9415606052
285341360,0.9415623662
285523920,0.9415742623
285706480,0.9415659695
285889040,0.9415642096
286071600,0.9415652973
286254160,0.9415724429
286436720,0.9415695977
286619280,0.9415674875
286801840,0.9415683749
286984400,0.9415719536
287166960,0.9415769987
287349520,0.9415710633
287532080,0.9415718914
287714640,0.9415736783
287897200,0.941585273
288079760,0.9415759523
288262320,0.9415749469
288444880,0.9415763364
288627440,0.9415859335
288810000,0.9415796111
288992560,0.9415784037
289175120,0.9415793985
289357680,0.9415837044
289540240,0.9415873555
289722800,0.941582048
289905360,0.9415826176
290087920,0.9415846795
290270480,0.9415965918
290453040,0.9415913875
290635600,0.9415859478
290818160,0.9415873474
291000720,0.941597385
291183280,0.9415904925
291365840,0.9415894058
291548400,0.9415904251
291730960,0.9415952897
291913520,0.9415969492
292096080,0.9415929447
292278640,0.941598739
292461200,0.9415962462
292643760,0.9416059005
292826320,0.941597017
293008880,0.9415970449
293191440,0.9415984796
293374000,0.9416090501
293556560,0.9416017725
293739120,0.9416004641
293921680,0.9416013854
294104240,0.9416087187
294286800,0.9416133342
294469360,0.9416044287
294651920,0.9416047353
294834480,0.9416060373
295017040,0.9416152109
295199600,0.941609842
295382160,0.9416085011
295564720,0.9416093223
295747280,0.9416136548
295929840,0.941618239
296112400,0.941611642
296294960,0.9416123538
296477520,0.9416149825
296660080,0.9416241523
296842640,0.9416152579
297025200,0.9416156818
297207760,0.9416197027
297390320,0.9416288297
297572880,0.9416200922
297755440,0.9416191917
297938000,0.9416200843
298120560,0.9416237352
298303120,0.9416301581
298485680,0.941623302
298668240,0.9416234408
298850800,0.9416250296
299033360,0.9416376014
299215920,0.9416275258
299398480,0.9416268255
299581040,0.9416278449
299763600,0.9416319974
299946160,0.9416366424
300128720,0.9416305474
300311280,0.9416351182
300493840,0.9416328725
300676400,0.9416460025
300858960,0.9416348425
301041520,0.9416347071
301224080,0.9416358674
301406640,0.9416459249
301589200,0.9416388906
301771760,0.9416377702
301954320,0.9416388362
302136880,0.9416456951
302319440,0.9416435455
302502000,0.9416411745
302684560,0.9416420431
302867120,0.9416459491
303049680,0.9416494676
303232240,0.9416445816
303414800,0.9416461156
303597360,0.9416482112
303779920,0.9416553607
303962480,0.9416480222
304145040,0.9416485601
304327600,0.9416507001
304510160,0.9416621046
304692720,0.941654757
304875280,0.9416518294
305057840,0.9416535514
305240400,0.9416668735
305422960,0.9416551467
305605520,0.9416551474
305788080,0.9416565476
305970640,0.9416687492
306153200,0.9416588492
306335760,0.9416584684
306518320,0.9416599341
306700880,0.9416703362
306883440,0.9416629021
307066000,0.9416620976
307248560,0.9416631664
307431120,0.9416711455
307613680,0.9416665953
307796240,0.9416656522
307978800,0.9416661047
308161360,0.9416722593
308343920,0.941670827
308526480,0.9416684205
308709040,0.9416693391
308891600,0.9416745013
309074160,0.9416752931
309256720,0.9416717465
309439280,0.9416726002
309621840,0.9416768528
309804400,0.9416793288
309986960,0.9416750887
310169520,0.941675869
310352080,0.941679492
310534640,0.9416839418
310717200,0.9416784515
310899760,0.9416794034
311082320,0.9416821036
311264880,0.9416888812
311447440,0.9416818174
311630000,0.9416824037
311812560,0.9416848421
311995120,0.9416947414
312177680,0.9416869018
312360240,0.941685674
312542800,0.9416877712
312725360,0.9416995852
312907920,0.941688588
313090480,0.9416889722
313273040,0.9416908263
313455600,0.9417039155
313638160,0.941692047
313820720,0.9416923618
314003280,0.9416945929
314185840,0.9417077194
314368400,0.9416955833
314550960,0.9416956513
314733520,0.941697266
314916080,0.9417108602
315098640,0.9416987302
315281200,0.9417017205
315463760,0.9417004465
315646320,0.9417142275
315828880,0.9417021553
316011440,0.941702127
316194000,0.9417036726
316376560,0.94171742
316559120,0.9417054359
316741680,0.9417054295
316924240,0.9417069249
317106800,0.9417221469
317289360,0.9417087688
317471920,0.9417087326
317654480,0.9417102223
317837040,0.9417238526
318019600,0.9417121223
318202160,0.9417120555
318384720,0.9417161356
318567280,0.9417266038
318749840,0.941715546
318932400,0.9417154
319114960,0.9417167074
319297520,0.941729295
319480080,0.941719011
319662640,0.9417186982
319845200,0.9417199673
320027760,0.9417321874
320210320,0.9417248091
320392880,0.9417219635
320575440,0.9417232972
320758000,0.941735465
320940560,0.9417256553
321123120,0.9417253848
321305680,0.9417268535
321488240,0.9417412704
321670800,0.9417289219
321853360,0.9417286829
322035920,0.9417301328
322218480,0.9417435907
322401040,0.9417319684
322583600,0.94173189
322766160,0.9417333463
322948720,0.941746957
323131280,0.9417353355
323313840,0.9417370967
323496400,0.9417365885
323678960,0.9417499779
323861520,0.941738727
324044080,0.9417384982
324226640,0.9417399269
324409200,0.9417536045
324591760,0.9417419987
324774320,0.9417418122
324956880,0.9417433381
325139440,0.9417578956
325322000,0.9417450017
325504560,0.9417451242
325687120,0.9417468022
325869680,0.9417607631
326052240,0.9417482103
326234800,0.9417484436
326417360,0.9417515128
326599920,0.9417638864
326782480,0.9417514811
326965040,0.9417520001
327147600,0.9417535912
327330160,0.9417665955
327512720,0.9417547048
327695280,0.941755096
327877840,0.9417572198
328060400,0.9417685258
328242960,0.9417594169
328425520,0.9417586569
328608080,0.9417610928
328790640,0.941769962
328973200,0.9417611949
329155760,0.9417617746
329338320,0.9417646465
329520880,0.9417711537
329703440,0.9417643753
329886000,0.9417650991
330068560,0.9417693654
330251120,0.941772614
330433680,0.9417676721
330616240,0.9417684785
330798800,0.9417722951
330981360,0.941775297
331163920,0.9417709747
331346480,0.9417719085
331529040,0.9417762916
331711600,0.9417775956
331894160,0.9417754111
332076720,0.941775171
332259280,0.9417811055
332441840,0.9417795362
332624400,0.9417775592
332806960,0.9417785946
332989520,0.9417872069
333172080,0.94178317
333354640,0.941780839
333537200,0.9417820946
333719760,0.9417948947
333902320,0.9417843406
334084880,0.9417841587
334267440,0.9417857119
334450000,0.9418002327
334632560,0.9417872202
334815120,0.9417875028
334997680,0.9417900702
335180240,0.9418004982
335362800,0.9417902699
335545360,0.9417917135
335727920,0.9417940455
335910480,0.9417981957
336093040,0.941793426
336275600,0.9417942708
336458160,0.941800794
336640720,0.9417979176
336823280,0.9417968138
337005840,0.9417978196
337188400,0.941811115
337370960,0.9418004179
337553520,0.9417998842
337736080,0.9418016958
337918640,0.9418138634
338101200,0.9418026672
338283760,0.9418032368
338466320,0.941806723
338648880,0.9418094267
338831440,0.9418057047
339014000,0.9418067055
339196560,0.9418175525
339379120,0.9418093587
339561680,0.9418089268
339744240,0.9418110021
339926800,0.9418247867
340109360,0.941811864
340291920,0.9418122974
340474480,0.9418147491
340657040,0.9418217997
340839600,0.9418148815
341022160,0.9418157869
341204720,0.941821411
341387280,0.94181948
341569840,0.9418192766
341752400,0.9418193137
341934960,0.941833867
342117520,0.9418210703
342300080,0.9418213426
342482640,0.9418238933
342665200,0.9418297771
342847760,0.9418240603
343030320,0.9418248022
343212880,0.941832439
343395440,0.941829372
343578000,0.9418273341
343760560,0.9418288274
343943120,0.9418430563
344125680,0.9418299624
344308240,0.9418304483
344490800,0.9418341233
344673360,0.9418358077
344855920,0.9418328835
345038480,0.9418340333
345221040,0.941849146
345403600,0.9418359671
345586160,0.941836151
345768720,0.9418386202
345951280,0.9418451728
346133840,0.9418387403
346316400,0.9418396288
346498960,0.9418470072
346681520,0.9418427646
346864080,0.9418419421
347046640,0.9418441624
347229200,0.9418576215
347411760,0.941844754
347594320,0.941845553
347776880,0.9418489604
347959440,0.9418508802
348142000,0.9418478118
348324560,0.941848898
348507120,0.9418608458
348689680,0.9418511105
348872240,0.9418512898
349054800,0.9418530716
349237360,0.9418627002
349419920,0.9418550027
349602480,0.9418547162
349785040,0.9418605647
349967600,0.9418588478
350150160,0.9418569704
350332720,0.9418582726
350515280,0.941873309
350697840,0.9418598354
350880400,0.9418602345
351062960,0.9418632912
351245520,0.9418667632
351428080,0.9418627425
351610640,0.9418637988
351793200,0.9418768927
351975760,0.9418660502
352158320,0.9418660174
352340880,0.9418681971
352523440,0.9418774067
352706000,0.9418686743
352888560,0.9418694932
353071120,0.9418759327
353253680,0.9418728763
353436240,0.9418718513
353618800,0.9418733461
353801360,0.9418882363
353983920,0.9418747792
354166480,0.9418757841
354349040,0.9418781184
354531600,0.9418825707
354714160,0.9418786787
354896720,0.9418787342
355079280,0.9418872221
355261840,0.9418819218
355444400,0.941881067
355626960,0.9418825594
355809520,0.9418974669
355992080,0.9418839714
356174640,0.9418844718
356357200,0.941887804
356539760,0.9418906641
356722320,0.9418870189
356904880,0.9418880964
357087440,0.9418995124
357270000,0.9418904811
357452560,0.9418903757
357635120,0.9418922204
357817680,0.9419043828
358000240,0.9418931878
358182800,0.9418940128
358365360,0.9418981796
358547920,0.9418988011
358730480,0.9418969055
358913040,0.9418976547
359095600,0.9419114892
359278160,0.9419007971
359460720,0.9419000151
359643280,0.941902312
359825840,0.9419090137
360008400,0.9419024462
360190960,0.9419033714
360373520,0.9419132556
360556080,0.9419059439
360738640,0.9419057102
360921200,0.9419076595
361103760,0.9419170614
361286320,0.9419083939
361468880,0.9419092829
361651440,0.9419189247
361834000,0.9419119254
362016560,0.9419116696
362199120,0.9419137318
362381680,0.9419224819
362564240,0.9419143548
362746800,0.9419152889
362929360,0.9419248675
363111920,0.9419178152
363294480,0.9419176632
363477040,0.9419197537
363659600,0.9419282443
363842160,0.9419203509
364024720,0.9419214993
364207280,0.9419310508
364389840,0.941923883
364572400,0.9419247443
364754960,0.9419259774
364937520,0.9419330475
365000000,0.9419275557