"Hermite4thOrder_time","Hermite4thOrder_energyChange"
0,0
1837,-1.25179683e-08
3663,-3.373077333e-08
5489,-5.007966038e-08
7315,-7.03521942e-08
9141,-8.977332927e-08
10967,-1.07062106e-07
12793,-1.265961569e-07
14619,-1.455973524e-07
16445,-1.633684417e-07
18271,-1.822334053e-07
20097,-2.013064946e-07
21923,-2.179564614e-07
23749,-2.375399237e-07
25575,-2.552514413e-07
27401,-2.718664017e-07
29227,-2.919818731e-07
31053,-3.079206588e-07
32879,-3.252841552e-07
34705,-3.443902492e-07
36531,-3.600061645e-07
38357,-3.7702924e-07
40183,-3.957280153e-07
42009,-4.112045678e-07
43835,-4.270193242e-07
45661,-4.464269748e-07
47487,-4.604761003e-07
49313,-4.764295718e-07
51139,-4.95704209e-07
52965,-5.086189157e-07
54791,-5.2509966e-07
56617,-5.430756785e-07
58443,-5.564090085e-07
60269,-5.724027077e-07
62095,-5.899292018e-07
63921,-6.035168127e-07
65747,-6.185763068e-07
67573,-6.363289917e-07
69399,-6.491207371e-07
71225,-6.648442037e-07
73051,-6.8198793e-07
74877,-6.947016933e-07
76703,-7.110136072e-07
78529,-7.266339461e-07
80355,-7.403448317e-07
82181,-7.563055954e-07
84007,-7.717524952e-07
85833,-7.861157995e-07
87659,-8.017505111e-07
89485,-8.172856666e-07
91311,-8.310141144e-07
93137,-8.477170547e-07
94963,-8.625150064e-07
96789,-8.766962278e-07
98615,-8.94364662e-07
100441,-9.079150858e-07
102267,-9.230661326e-07
104093,-9.40368782e-07
105919,-9.541074476e-07
107745,-9.696816034e-07
109571,-9.871580534e-07
111397,-1.001356016e-06
113223,-1.016264233e-06
115049,-1.034755371e-06
116875,-1.048197102e-06
118701,-1.063774935e-06
120527,-1.082866468e-06
122353,-1.095783643e-06
124179,-1.112457102e-06
126005,-1.13067525e-06
127831,-1.144358966e-06
129657,-1.161071932e-06
131483,-1.179240452e-06
133309,-1.193916275e-06
135135,-1.210132885e-06
136961,-1.228947612e-06
138787,-1.243169649e-06
140613,-1.260261883e-06
142439,-1.27881217e-06
144265,-1.293269536e-06
146091,-1.311530412e-06
147917,-1.328784712e-06
149743,-1.344558159e-06
151569,-1.362622528e-06
153395,-1.379795896e-06
155221,-1.396445824e-06
157047,-1.414349914e-06
158873,-1.432019465e-06
160699,-1.448107823e-06
162525,-1.467280514e-06
164351,-1.48424934e-06
166177,-1.500783035e-06
168003,-1.521059414e-06
169829,-1.536778056e-06
171655,-1.554570273e-06
173481,-1.574431868e-06
175307,-1.590492108e-06
177133,-1.608660266e-06
178959,-1.628604229e-06
180785,-1.645197263e-06
182611,-1.662572431e-06
184437,-1.683703686e-06
186263,-1.699503467e-06
188089,-1.717623273e-06
189915,-1.739238276e-06
191741,-1.754389489e-06
193567,-1.773596787e-06
195393,-1.794062867e-06
197219,-1.810220053e-06
199045,-1.829322306e-06
200871,-1.849738462e-06
202697,-1.866806153e-06
204523,-1.885162998e-06
206349,-1.906117179e-06
208175,-1.922476624e-06
210001,-1.941841249e-06
211827,-1.962333212e-06
213653,-1.9788749e-06
215479,-1.999271599e-06
217305,-2.018088008e-06
219131,-2.035829304e-06
220957,-2.055626491e-06
222783,-2.074438e-06
224609,-2.09279115e-06
226435,-2.112305421e-06
228261,-2.131383726e-06
230087,-2.148702265e-06
231913,-2.169280499e-06
233739,-2.187152454e-06
235565,-2.204868649e-06
237391,-2.226275302e-06
239217,-2.242659157e-06
241043,-2.2613252e-06
242869,-2.281675285e-06
244695,-2.298159751e-06
246521,-2.316569458e-06
248347,-2.336897032e-06
250173,-2.35360804e-06
251999,-2.370910903e-06
253825,-2.391984787e-06
255651,-2.407237385e-06
257477,-2.424956219e-06
259303,-2.445829179e-06
261129,-2.460355826e-06
262955,-2.478828636e-06
264781,-2.498096544e-06
266607,-2.513272429e-06
268433,-2.530886681e-06
270259,-2.549792129e-06
272085,-2.565277567e-06
273911,-2.582074204e-06
275737,-2.601162972e-06
277563,-2.615608246e-06
279389,-2.633052045e-06
281215,-2.650983168e-06
283041,-2.665426612e-06
284867,-2.683409731e-06
286693,-2.69961292e-06
288519,-2.715058207e-06
290345,-2.732206314e-06
292171,-2.748180951e-06
293997,-2.763654228e-06
295823,-2.780520113e-06
297649,-2.796407494e-06
299475,-2.810969858e-06
301301,-2.828854588e-06
303127,-2.84347939e-06
304953,-2.858383424e-06
306779,-2.876725628e-06
308605,-2.890005167e-06
310431,-2.905738107e-06
312257,-2.923306221e-06
314083,-2.936857263e-06
315909,-2.952426029e-06
317735,-2.970095868e-06
319561,-2.983734137e-06
321387,-2.998512743e-06
323213,-3.01695079e-06
325039,-3.02965352e-06
326865,-3.045142867e-06
328691,-3.063610935e-06
330517,-3.075924476e-06
332343,-3.092171605e-06
334169,-3.109402608e-06
335995,-3.122651341e-06
337821,-3.138587247e-06
339647,-3.15583128e-06
341473,-3.169805767e-06
343299,-3.185307819e-06
345125,-3.202778459e-06
346951,-3.21620428e-06
348777,-3.232668796e-06
350603,-3.249569684e-06
352429,-3.263417835e-06
354255,-3.280853689e-06
356081,-3.296373639e-06
357907,-3.311335268e-06
359733,-3.328347682e-06
361559,-3.343981205e-06
363385,-3.359518594e-06
365211,-3.376641188e-06
367037,-3.392546232e-06
368863,-3.407463411e-06
370689,-3.425684376e-06
372515,-3.440686511e-06
374341,-3.456212293e-06
376167,-3.475371886e-06
377993,-3.489335423e-06
379819,-3.505962972e-06
381645,-3.524510066e-06
383471,-3.53883053e-06
385297,-3.555519697e-06
387123,-3.574335084e-06
388949,-3.589190187e-06
390775,-3.605272626e-06
392601,-3.624995198e-06
394427,-3.639065177e-06
396253,-3.655849756e-06
398079,-3.675692667e-06
399905,-3.689551387e-06
401731,-3.707438949e-06
403557,-3.726092233e-06
405383,-3.741028996e-06
407209,-3.758612447e-06
409035,-3.777199871e-06
410861,-3.792970467e-06
412687,-3.810191908e-06
414513,-3.829276002e-06
416339,-3.844522088e-06
418165,-3.862747769e-06
419991,-3.881188669e-06
421817,-3.896783242e-06
423643,-3.916069731e-06
425469,-3.933126939e-06
427295,-3.950059988e-06
429121,-3.968886676e-06
430947,-3.986042866e-06
432773,-4.003454021e-06
434599,-4.022313005e-06
436425,-4.039814683e-06
438251,-4.056519993e-06
440077,-4.076677102e-06
441903,-4.093190582e-06
443729,-4.110468047e-06
445555,-4.131473509e-06
447381,-4.146849893e-06
449207,-4.165264255e-06
451033,-4.185512791e-06
452859,-4.201441625e-06
454685,-4.219821132e-06
456511,-4.240248952e-06
458337,-4.256680437e-06
460163,-4.27424523e-06
461989,-4.29558564e-06
463815,-4.311101985e-06
465641,-4.329541166e-06
467467,-4.350856665e-06
469293,-4.36612464e-06
471119,-4.385550527e-06
472945,-4.405377964e-06
474771,-4.421794038e-06
476597,-4.440745508e-06
478423,-4.460619214e-06
480249,-4.477794341e-06
482075,-4.496205657e-06
483901,-4.516427065e-06
485727,-4.532744322e-06
487553,-4.552235676e-06
489379,-4.571585308e-06
491205,-4.588354787e-06
493031,-4.608787072e-06
494857,-4.626489396e-06
496683,-4.644409974e-06
498509,-4.664016393e-06
500335,-4.681866822e-06
502161,-4.700029066e-06
503987,-4.719686179e-06
505813,-4.737750284e-06
507639,-4.754844884e-06
509465,-4.77560666e-06
511291,-4.792224188e-06
513117,-4.809948879e-06
514943,-4.831289342e-06
516769,-4.846761663e-06
518595,-4.865440824e-06
520421,-4.88558275e-06
522247,-4.901424416e-06
524073,-4.919573406e-06
525899,-4.939868944e-06
527725,-4.956067481e-06
529551,-4.973306508e-06
531377,-4.994265134e-06
533203,-5.009084649e-06
535029,-5.027020808e-06
536855,-5.047381845e-06
538681,-5.062066815e-06
540507,-5.080819764e-06
542333,-5.099538623e-06
544159,-5.115173754e-06
545985,-5.132938808e-06
547811,-5.151503908e-06
549637,-5.167486058e-06
551463,-5.184803665e-06
553289,-5.203587889e-06
555115,-5.218546443e-06
556941,-5.236768246e-06
558767,-5.254136022e-06
560593,-5.26948949e-06
562419,-5.288295566e-06
564245,-5.304162896e-06
566071,-5.320582632e-06
567897,-5.338449182e-06
569723,-5.354311637e-06
571549,-5.370511654e-06
573375,-5.388457093e-06
575201,-5.404323405e-06
577027,-5.419596094e-06
578853,-5.438661141e-06
580679,-5.453016813e-06
582505,-5.468862615e-06
584331,-5.488083499e-06
586157,-5.501482684e-06
587983,-5.518158378e-06
589809,-5.536398289e-06
591635,-5.550292783e-06
593461,-5.5664235e-06
595287,-5.584808649e-06
597113,-5.598834546e-06
598939,-5.614250255e-06
600765,-5.633293514e-06
602591,-5.646302345e-06
604417,-5.662574828e-06
606243,-5.680996164e-06
608069,-5.694053627e-06
609895,-5.710946148e-06
611721,-5.727989436e-06
613547,-5.742155011e-06
615373,-5.758433756e-06
617199,-5.775511908e-06
619025,-5.790102383e-06
620851,-5.806118994e-06
622677,-5.823312332e-06
624503,-5.837202922e-06
626329,-5.854346499e-06
628155,-5.870482478e-06
629981,-5.88500077e-06
631807,-5.902810503e-06
633633,-5.917670548e-06
635459,-5.933188058e-06
637285,-5.95040983e-06
639111,-5.965501777e-06
640937,-5.981164299e-06
642763,-5.998690639e-06
644589,-6.013855969e-06
646415,-6.028786034e-06
648241,-6.047425486e-06
650067,-6.061388353e-06
651893,-6.0771418e-06
653719,-6.096256538e-06
655545,-6.109501369e-06
657371,-6.126079901e-06
659197,-6.144362092e-06
661023,-6.158155458e-06
662849,-6.17447303e-06
664675,-6.193077985e-06
666501,-6.207352271e-06
668327,-6.223113101e-06
670153,-6.242292092e-06
671979,-6.255706402e-06
673805,-6.27238707e-06
675631,-6.291142885e-06
677457,-6.304830438e-06
679283,-6.322379141e-06
681109,-6.339831699e-06
682935,-6.35456574e-06
684761,-6.371591094e-06
686587,-6.389124812e-06
688413,-6.4044917e-06
690239,-6.421412537e-06
692065,-6.439234699e-06
693891,-6.453951299e-06
695717,-6.471907498e-06
697543,-6.488699431e-06
699369,-6.504095886e-06
701195,-6.52291727e-06
703021,-6.538527174e-06
704847,-6.555034683e-06
706673,-6.573275207e-06
708499,-6.589014898e-06
710325,-6.60564444e-06
712151,-6.624245317e-06
713977,-6.640266941e-06
715803,-6.656212601e-06
717629,-6.675955074e-06
719455,-6.690755064e-06
721281,-6.707412552e-06
723107,-6.727577672e-06
724933,-6.741753186e-06
726759,-6.759439615e-06
728585,-6.778725549e-06
730411,-6.793489288e-06
732237,-6.810820595e-06
734063,-6.830298915e-06
735889,-6.84560426e-06
737715,-6.862428744e-06
739541,-6.882618568e-06
741367,-6.897073229e-06
743193,-6.914756531e-06
745019,-6.934386052e-06
746845,-6.949094546e-06
748671,-6.967702088e-06
750497,-6.985995655e-06
752323,-7.001941655e-06
754149,-7.019954622e-06
755975,-7.038244127e-06
757801,-7.054728319e-06
759627,-7.072623731e-06
761453,-7.091254948e-06
763279,-7.107050415e-06
765105,-7.126118145e-06
766931,-7.143643736e-06
768757,-7.160026654e-06
770583,-7.179904408e-06
772409,-7.196177367e-06
774235,-7.213761161e-06
776061,-7.232988645e-06
777887,-7.249516986e-06
779713,-7.267111788e-06
781539,-7.286633004e-06
783365,-7.303381249e-06
785191,-7.320194582e-06
787017,-7.340953138e-06
788843,-7.356447656e-06
790669,-7.374043592e-06
792495,-7.395119148e-06
794321,-7.409903097e-06
796147,-7.428479651e-06
797973,-7.448510396e-06
799799,-7.464095206e-06
801625,-7.482221727e-06
803451,-7.50246425e-06
805277,-7.518536659e-06
807103,-7.536017554e-06
808929,-7.556882998e-06
810755,-7.572047008e-06
812581,-7.59056112e-06
814407,-7.610762805e-06
816233,-7.626184597e-06
818059,-7.64555332e-06
819885,-7.664204151e-06
821711,-7.68089794e-06
823537,-7.699531304e-06
825363,-7.71835717e-06
827189,-7.735502678e-06
829015,-7.753970975e-06
830841,-7.773025194e-06
832667,-7.789303517e-06
834493,-7.808988286e-06
836319,-7.826795816e-06
838145,-7.843791081e-06
839971,-7.864242382e-06
841797,-7.880670676e-06
843623,-7.898777755e-06
845449,-7.918329837e-06
847275,-7.935108273e-06
849101,-7.953069921e-06
850927,-7.973031014e-06
852753,-7.989984701e-06
854579,-8.007011329e-06
856405,-8.028074634e-06
858231,-8.043548987e-06
860057,-8.061449804e-06
861883,-8.082690718e-06
863709,-8.097579461e-06
865535,-8.116416217e-06
867361,-8.136310493e-06
869187,-8.151958184e-06
871013,-8.170065006e-06
872839,-8.190285168e-06
874665,-8.20638937e-06
876491,-8.223900773e-06
878317,-8.244616505e-06
880143,-8.259558552e-06
881969,-8.278014722e-06
883795,-8.297820217e-06
885621,-8.313221082e-06
887447,-8.332516489e-06
889273,-8.350701098e-06
891099,-8.367268515e-06
892925,-8.385494745e-06
894751,-8.403862198e-06
896577,-8.420662339e-06
898403,-8.438941122e-06
900229,-8.457516187e-06
902055,-8.473319556e-06
903881,-8.492675425e-06
905707,-8.509693847e-06
907533,-8.526262928e-06
909359,-8.54626189e-06
911185,-8.562059969e-06
913011,-8.579712045e-06
914837,-8.598629325e-06
916663,-8.614688987e-06
918489,-8.631850376e-06
920315,-8.651302253e-06
922141,-8.667470593e-06
923967,-8.683831392e-06
925793,-8.704317189e-06
927619,-8.718838546e-06
929445,-8.736004691e-06
931271,-8.756331287e-06
933097,-8.770475779e-06
934923,-8.788566724e-06
936749,-8.807602351e-06
938575,-8.82252556e-06
940401,-8.839632451e-06
942227,-8.858935378e-06
944053,-8.874105434e-06
945879,-8.890846218e-06
947705,-8.91063632e-06
949531,-8.924755511e-06
951357,-8.942420062e-06
953183,-8.960975176e-06
955009,-8.975617725e-06
956835,-8.993979013e-06
958661,-9.011134641e-06
960487,-9.027027542e-06
962313,-9.044353013e-06
964139,-9.061638152e-06
965965,-9.077456338e-06
967791,-9.09497907e-06
969617,-9.112402673e-06
971443,-9.127460369e-06
973269,-9.146149567e-06
975095,-9.161968078e-06
976921,-9.177770266e-06
978747,-9.196835203e-06
980573,-9.211642757e-06
982399,-9.228533169e-06
984225,-9.246732432e-06
986051,-9.261881584e-06
987877,-9.278154837e-06
989703,-9.296916877e-06
991529,-9.31200195e-06
993355,-9.327677191e-06
995181,-9.347519542e-06
997007,-9.361181267e-06
998833,-9.37770635e-06
1000659,-9.397196499e-06
1002485,-9.410634511e-06
1004311,-9.427931049e-06
1006137,-9.446308841e-06
1007963,-9.460682465e-06
1009789,-9.477130704e-06
1011615,-9.495800202e-06
1013441,-9.51028823e-06
1015267,-9.526497045e-06
1017093,-9.545546219e-06
1018919,-9.559225543e-06
1020745,-9.576493919e-06
1022571,-9.594374465e-06
1024397,-9.608669262e-06
1026223,-9.626448045e-06
1028049,-9.643059197e-06
1029875,-9.658604133e-06
1031701,-9.675566524e-06
1033527,-9.692424597e-06
1035353,-9.707922381e-06
1037179,-9.725175155e-06
1039005,-9.741984122e-06
1040831,-9.756845254e-06
1042657,-9.775357639e-06
1044483,-9.790720831e-06
1046309,-9.806438723e-06
1048135,-9.825291009e-06
1049961,-9.83973564e-06
1051787,-9.856386343e-06
1053613,-9.874516963e-06
1055439,-9.889398763e-06
1057265,-9.90558376e-06
1059091,-9.924344093e-06
1060917,-9.939109292e-06
1062743,-9.95476178e-06
1064569,-9.974502178e-06
1066395,-9.987982652e-06
1068221,-1.000460787e-05
1070047,-1.002403856e-05
1071873,-1.003745059e-05
1073699,-1.005472098e-05
1075525,-1.007307213e-05
1077351,-1.008742353e-05
1079177,-1.010395525e-05
1081003,-1.012266533e-05
1082829,-1.013725856e-05
1084655,-1.015360829e-05
1086481,-1.017255857e-05
1088307,-1.018639861e-05
1090133,-1.020383134e-05
1091959,-1.022166345e-05
1093785,-1.023626911e-05
1095611,-1.025424877e-05
1097437,-1.027086284e-05
1099263,-1.028657149e-05
1101089,-1.030377956e-05
1102915,-1.032068691e-05
1104741,-1.033644158e-05
1106567,-1.035403565e-05
1108393,-1.037090568e-05
1110219,-1.038601843e-05
1112045,-1.040476784e-05
1113871,-1.04201932e-05
1115697,-1.043626361e-05
1117523,-1.045543669e-05
1119349,-1.047003334e-05
1121175,-1.048695022e-05
1123001,-1.050539654e-05
1124827,-1.052037998e-05
1126653,-1.053685052e-05
1128479,-1.055599286e-05
1130305,-1.057099113e-05
1132131,-1.058694827e-05
1133957,-1.060693638e-05
1135783,-1.062063983e-05
1137609,-1.063758376e-05
1139435,-1.065723778e-05
1141261,-1.067101144e-05
1143087,-1.068865301e-05
1144913,-1.070720652e-05
1146739,-1.072183669e-05
1148565,-1.07387203e-05
1150391,-1.075761932e-05
1152217,-1.077257703e-05
1154043,-1.078934879e-05
1155869,-1.080849148e-05
1157695,-1.082268821e-05
1159521,-1.084046663e-05
1161347,-1.085842616e-05
1163173,-1.087346119e-05
1164999,-1.08918478e-05
1166825,-1.090864196e-05
1168651,-1.092475058e-05
1170477,-1.094234902e-05
1172303,-1.09593525e-05
1174129,-1.097547426e-05
1175955,-1.099353053e-05
1177781,-1.101059948e-05
1179607,-1.102607196e-05
1181433,-1.104522819e-05
1183259,-1.106078607e-05
1185085,-1.107718989e-05
1186911,-1.10967356e-05
1188737,-1.111157171e-05
1190563,-1.112889089e-05
1192389,-1.114769508e-05
1194215,-1.116282158e-05
1196041,-1.117962325e-05
1197867,-1.119909934e-05
1199693,-1.121432505e-05
1201519,-1.123065933e-05
1203345,-1.125098667e-05
1205171,-1.126492143e-05
1206997,-1.128214719e-05
1208823,-1.130201163e-05
1210649,-1.131612982e-05
1212475,-1.133412497e-05
1214301,-1.135287805e-05
1216127,-1.136785755e-05
1217953,-1.138504918e-05
1219779,-1.140405532e-05
1221605,-1.14193523e-05
1223431,-1.143650524e-05
1225257,-1.145582069e-05
1227083,-1.147035767e-05
1228909,-1.148846494e-05
1230735,-1.150650539e-05
1232561,-1.152187848e-05
1234387,-1.154059949e-05
1236213,-1.155752814e-05
1238039,-1.15740226e-05
1239865,-1.15919497e-05
1241691,-1.160900632e-05
1243517,-1.162543303e-05
1245343,-1.164385647e-05
1247169,-1.16610008e-05
1248995,-1.167680017e-05
1250821,-1.16963535e-05
1252647,-1.171195865e-05
1254473,-1.172861623e-05
1256299,-1.174848057e-05
1258125,-1.176342745e-05
1259951,-1.178104036e-05
1261777,-1.180014837e-05
1263603,-1.181540965e-05
1265429,-1.183244446e-05
1267255,-1.185215859e-05
1269081,-1.186749967e-05
1270907,-1.188411393e-05
1272733,-1.19047052e-05
1274559,-1.191880051e-05
1276385,-1.193626293e-05
1278211,-1.195626102e-05
1280037,-1.197058732e-05
1281863,-1.198879821e-05
1283689,-1.200767776e-05
1285515,-1.202298383e-05
1287341,-1.204037089e-05
1289167,-1.205941896e-05
1290993,-1.207496721e-05
1292819,-1.209235555e-05
1294645,-1.211171263e-05
1296471,-1.212655045e-05
1298297,-1.21449397e-05
1300123,-1.216295854e-05
1301949,-1.217857599e-05
1303775,-1.219751963e-05
1305601,-1.221446216e-05
1307427,-1.223126209e-05
1309253,-1.224942537e-05
1311079,-1.226649529e-05
1312905,-1.228311589e-05
1314731,-1.230178034e-05
1316557,-1.231889459e-05
1318383,-1.233493364e-05
1320209,-1.235480956e-05
1322035,-1.237036362e-05
1323861,-1.238720417e-05
1325687,-1.240728947e-05
1327513,-1.24222264e-05
1329339,-1.244002521e-05
1331165,-1.245935277e-05
1332991,-1.247470182e-05
1334817,-1.249184432e-05
1336643,-1.251170458e-05
1338469,-1.252709061e-05
1340295,-1.25438701e-05
1342121,-1.256460028e-05
1343947,-1.257878689e-05
1345773,-1.259642629e-05
1347599,-1.261644734e-05
1349425,-1.263089968e-05
1351251,-1.264924869e-05
1353077,-1.266813706e-05
1354903,-1.268368502e-05
1356729,-1.270115947e-05
1358555,-1.272019457e-05
1360381,-1.273591059e-05
1362207,-1.275343966e-05
1364033,-1.277273865e-05
1365859,-1.278777192e-05
1367685,-1.280636461e-05
1369511,-1.28242709e-05
1371337,-1.284007627e-05
1373163,-1.285916765e-05
1374989,-1.287600963e-05
1376815,-1.289301912e-05
1378641,-1.291131082e-05
1380467,-1.29283455e-05
1382293,-1.294507568e-05
1384119,-1.296390877e-05
1385945,-1.298091829e-05
1387771,-1.299707435e-05
1389597,-1.301715601e-05
1391423,-1.303259762e-05
1393249,-1.304958257e-05
1395075,-1.306979446e-05
1396901,-1.30846374e-05
1398727,-1.310254952e-05
1400553,-1.312196259e-05
1402379,-1.313733648e-05
1404205,-1.315451652e-05
1406031,-1.31744723e-05
1407857,-1.318983006e-05
1409683,-1.32066645e-05
1411509,-1.322742374e-05
1413335,-1.324164055e-05
1415161,-1.325941374e-05
1416987,-1.327936194e-05
1418813,-1.329388122e-05
1420639,-1.331230907e-05
1422465,-1.333108232e-05
1424291,-1.334678699e-05
1426117,-1.336429974e-05
1427943,-1.338328199e-05
1429769,-1.339907416e-05
1431595,-1.341666357e-05
1433421,-1.343583267e-05
1435247,-1.345097764e-05
1437073,-1.346971448e-05
1438899,-1.348743891e-05
1440725,-1.350337036e-05
1442551,-1.352254628e-05
1444377,-1.353920695e-05
1446203,-1.3556343e-05
1448029,-1.357470771e-05
1449855,-1.359165586e-05
1451681,-1.36084123e-05
1453507,-1.362734914e-05
1455333,-1.364419718e-05
1457159,-1.366040347e-05
1458985,-1.368061946e-05
1460811,-1.369588594e-05
1462637,-1.371295502e-05
1464463,-1.373321589e-05
1466289,-1.374792506e-05
1468115,-1.376588771e-05
1469941,-1.378531845e-05
1471767,-1.380065544e-05
1473593,-1.381780945e-05
1475419,-1.383779356e-05
1477245,-1.385307817e-05
1479071,-1.386992728e-05
1480897,-1.389065982e-05
1482723,-1.390483817e-05
1484549,-1.392267101e-05
1486375,-1.394248543e-05
1488201,-1.395704888e-05
1490027,-1.397549785e-05
1491853,-1.39941142e-05
1493679,-1.400990694e-05
1495505,-1.402740052e-05
1497331,-1.404627154e-05
1499157,-1.40620923e-05
1500983,-1.407972366e-05
1502809,-1.409872902e-05
1504635,-1.411390756e-05
1506461,-1.413271077e-05
1508287,-1.415021905e-05
1510113,-1.416624714e-05
1511939,-1.418545338e-05
1513765,-1.420192005e-05
1515591,-1.421911327e-05
1517417,-1.423749654e-05
1519243,-1.425430262e-05
1521069,-1.42710491e-05
1522895,-1.429007321e-05
1524721,-1.430673058e-05
1526547,-1.432292918e-05
1528373,-1.434320661e-05
1530199,-1.435827398e-05
1532025,-1.437539768e-05
1533851,-1.43956504e-05
1535677,-1.441022917e-05
1537503,-1.44281821e-05
1539329,-1.444757621e-05
1541155,-1.44628389e-05
1542981,-1.447994845e-05
1544807,-1.449992441e-05
1546633,-1.45151155e-05
1548459,-1.453194385e-05
1550285,-1.455258098e-05
1552111,-1.456671033e-05
1553937,-1.45845761e-05
1555763,-1.460421356e-05
1557589,-1.461881776e-05
1559415,-1.463723144e-05
1561241,-1.465566337e-05
1563067,-1.467151304e-05
1564893,-1.46889769e-05
1566719,-1.470770439e-05
1568545,-1.472352549e-05
1570371,-1.474117393e-05
1572197,-1.475996999e-05
1574023,-1.477516993e-05
1575849,-1.479402518e-05
1577675,-1.481129098e-05
1579501,-1.482738901e-05
1581327,-1.484657726e-05
1583153,-1.486284299e-05
1584979,-1.488006308e-05
1586805,-1.489846446e-05
1588631,-1.491510193e-05
1590457,-1.493180867e-05
1592283,-1.495089022e-05
1594109,-1.496732873e-05
1595935,-1.498351736e-05
1597761,-1.500384502e-05
1599587,-1.501869967e-05
1601413,-1.50358486e-05
1603239,-1.50560422e-05
1605065,-1.507049536e-05
1606891,-1.508841818e-05
1608717,-1.510777184e-05
1610543,-1.51229519e-05
1612369,-1.513999347e-05
1614195,-1.515991321e-05
1616021,-1.517500454e-05
1617847,-1.519182168e-05
1619673,-1.521234331e-05
1621499,-1.522642422e-05
1623325,-1.524430471e-05
1625151,-1.526371534e-05
1626977,-1.527836142e-05
1628803,-1.529673004e-05
1630629,-1.531498871e-05
1632455,-1.533088235e-05
1634281,-1.534829874e-05
1636107,-1.536684671e-05
1637933,-1.538265803e-05
1639759,-1.540033474e-05
1641585,-1.541891304e-05
1643411,-1.543412878e-05
1645237,-1.545303239e-05
1647063,-1.547001891e-05
1648889,-1.548617205e-05
1650715,-1.550533978e-05
1652541,-1.552142499e-05
1654367,-1.553865067e-05
1656193,-1.555705731e-05
1658019,-1.557350645e-05
1659845,-1.559016267e-05
1661671,-1.560930596e-05
1663497,-1.562552173e-05
1665323,-1.564169815e-05
1667149,-1.566207227e-05
1668975,-1.567669184e-05
1670801,-1.569385566e-05
1672627,-1.571398002e-05
1674453,-1.572833239e-05
1676279,-1.574620753e-05
1678105,-1.576549811e-05
1679931,-1.578059761e-05
1681757,-1.579757179e-05
1683583,-1.581742385e-05
1685409,-1.58324172e-05
1687235,-1.584922738e-05
1689061,-1.586962078e-05
1690887,-1.588364545e-05
1692713,-1.590154415e-05
1694539,-1.592072019e-05
1696365,-1.593542039e-05
1698191,-1.595373053e-05
1700017,-1.597180383e-05
1701843,-1.598773645e-05
1703669,-1.600511776e-05
1705495,-1.602349181e-05
1707321,-1.603927683e-05
1709147,-1.605698341e-05
1710973,-1.60753416e-05
1712799,-1.609056242e-05
1714625,-1.610952536e-05
1716451,-1.612623986e-05
1718277,-1.614244113e-05
1720103,-1.616157731e-05
1721929,-1.617747722e-05
1723755,-1.61946956e-05
1725581,-1.621312906e-05
1727407,-1.622941072e-05
1729233,-1.624599054e-05
1731059,-1.62651845e-05
1732885,-1.628118116e-05
1734711,-1.629734651e-05
1736537,-1.631776548e-05
1738363,-1.633217555e-05
1740189,-1.634935039e-05
1742015,-1.636937935e-05
1743841,-1.638363325e-05
1745667,-1.640145596e-05
1747493,-1.642069654e-05
1749319,-1.643575166e-05
1751145,-1.645264056e-05
1752971,-1.647239378e-05
1754797,-1.648730063e-05
1756623,-1.650411839e-05
1758449,-1.652437092e-05
1760275,-1.653837514e-05
1762101,-1.655629423e-05
1763927,-1.657521563e-05
1765753,-1.658996001e-05
1767579,-1.660821626e-05
1769405,-1.662613211e-05
1771231,-1.664212313e-05
1773057,-1.665946098e-05
1774883,-1.667764199e-05
1776709,-1.669339771e-05
1778535,-1.6711155e-05
1780361,-1.672928946e-05
1782187,-1.674454286e-05
1784013,-1.676356921e-05
1785839,-1.678000578e-05
1787665,-1.679623506e-05
1789491,-1.681535233e-05
1791317,-1.683110051e-05
1793143,-1.684831849e-05
1794969,-1.686677675e-05
1796795,-1.688288097e-05
1798621,-1.689938588e-05
1800447,-1.691864263e-05
1802273,-1.693442503e-05
1804099,-1.695061665e-05
1805925,-1.697106236e-05
1807751,-1.698527502e-05
1809577,-1.700245308e-05
1811403,-1.70223899e-05
1813229,-1.703658426e-05
1815055,-1.705436893e-05
1816881,-1.707354805e-05
1818707,-1.708856101e-05
1820533,-1.710537802e-05
1822359,-1.712503793e-05
1824185,-1.713987063e-05
1826011,-1.715673511e-05
1827837,-1.717683005e-05
1829663,-1.719082844e-05
1831489,-1.720876978e-05
1833315,-1.722745931e-05
1835141,-1.724226715e-05
1836967,-1.726048772e-05
1838793,-1.727825685e-05
1840619,-1.729429571e-05
1842445,-1.731161433e-05
1844271,-1.732962462e-05
1846097,-1.734535395e-05
1847923,-1.736320041e-05
1849749,-1.738110419e-05
1851575,-1.739640271e-05
1853401,-1.741550362e-05
1855227,-1.743169991e-05
1857053,-1.744796348e-05
1858879,-1.746708362e-05
1860705,-1.74827033e-05
1862531,-1.74999174e-05
1864357,-1.751842243e-05
1866183,-1.753438023e-05
1868009,-1.755083182e-05
1869835,-1.757016894e-05
1871661,-1.758574148e-05
1873487,-1.76019895e-05
1875313,-1.762246133e-05
1877139,-1.76365284e-05
1878965,-1.76537258e-05
1880791,-1.767358197e-05
1882617,-1.768775102e-05
1884443,-1.770550792e-05
1886269,-1.772464948e-05
1888095,-1.773965715e-05
1889921,-1.775643041e-05
1891747,-1.777602512e-05
1893573,-1.779078833e-05
1895399,-1.780773602e-05
1897225,-1.782769368e-05
1899051,-1.784173078e-05
1900877,-1.785971201e-05
1902703,-1.787820262e-05
1904529,-1.789309868e-05
1906355,-1.791130723e-05
1908181,-1.792897946e-05
1910007,-1.794509085e-05
1911833,-1.796242419e-05
1913659,-1.798030318e-05
1915485,-1.799601087e-05
1917311,-1.80139912e-05
1919137,-1.803170609e-05
1920963,-1.804709208e-05
1922789,-1.806628715e-05
1924615,-1.80822863e-05
1926441,-1.809861847e-05
1928267,-1.811776208e-05
1930093,-1.813331805e-05
1931919,-1.815057447e-05
1933745,-1.816914434e-05
1935571,-1.818499975e-05
1937397,-1.820142543e-05
1939223,-1.822088016e-05
1941049,-1.823629823e-05
1942875,-1.825266284e-05
1944701,-1.827318213e-05
1946527,-1.82871454e-05
1948353,-1.830439704e-05
1950179,-1.832420988e-05
1952005,-1.833843016e-05
1953831,-1.835620643e-05
1955657,-1.837534853e-05
1957483,-1.839039421e-05
1959309,-1.840715362e-05
1961135,-1.842673909e-05
1962961,-1.844148961e-05
1964787,-1.84585916e-05
1966613,-1.847846301e-05
1968439,-1.849256452e-05
1970265,-1.851061938e-05
1972091,-1.852897555e-05
1973917,-1.85440413e-05
1975743,-1.856228618e-05
1977569,-1.857991837e-05
1979395,-1.859615524e-05
1981221,-1.861352791e-05
1983047,-1.863134799e-05
1984873,-1.864710052e-05
1986699,-1.866528837e-05
1988525,-1.86828794e-05
1990351,-1.869839534e-05
1992177,-1.87176994e-05
1994003,-1.873357857e-05
1995829,-1.875009062e-05
1997655,-1.876929103e-05
1999481,-1.878485075e-05
2001307,-1.880222664e-05
2003133,-1.882087709e-05
2004959,-1.883670106e-05
2006785,-1.885317988e-05
2008611,-1.887284517e-05
2010437,-1.888817343e-05
2012263,-1.890469453e-05
2014089,-1.892529957e-05
2015915,-1.893923618e-05
2017741,-1.895665497e-05
2019567,-1.897647258e-05
2021393,-1.899082244e-05
2023219,-1.90087002e-05
2025045,-1.902786968e-05
2026871,-1.904301586e-05
2028697,-1.905985567e-05
2030523,-1.907954481e-05
2032349,-1.909434547e-05
2034175,-1.911165198e-05
2036001,-1.913149414e-05
2037827,-1.914573642e-05
2039653,-1.916397502e-05
2041479,-1.918225589e-05
2043305,-1.919759211e-05
2045131,-1.921594844e-05
2046957,-1.923357863e-05
2048783,-1.925001453e-05
2050609,-1.926751772e-05
2052435,-1.928539475e-05
2054261,-1.930127562e-05
2056087,-1.9319724e-05
2057913,-1.933726182e-05
2059739,-1.935298202e-05
2061565,-1.937249734e-05
2063391,-1.938832496e-05
2065217,-1.940512569e-05
2067043,-1.942447198e-05
2068869,-1.94400787e-05
2070695,-1.945763608e-05
2072521,-1.947648333e-05
2074347,-1.949238148e-05
2076173,-1.950898773e-05
2077999,-1.9528955e-05
2079825,-1.954427446e-05
2081651,-1.956101203e-05
2083477,-1.958180096e-05
2085303,-1.959579801e-05
2087129,-1.961349983e-05
2088955,-1.963340997e-05
2090781,-1.96479558e-05
2092607,-1.966600795e-05
2094433,-1.968530215e-05
2096259,-1.970065705e-05
2098085,-1.971766192e-05
2099911,-1.973755369e-05
2101737,-1.975251545e-05
2103563,-1.977007462e-05
2105389,-1.978996879e-05
2107215,-1.980447527e-05
2109041,-1.982300363e-05
2110867,-1.984128656e-05
2112693,-1.985700097e-05
2114519,-1.987554712e-05
2116345,-1.989325155e-05
2118171,-1.990997377e-05
2119997,-1.992772343e-05
2121823,-1.994576759e-05
2123649,-1.996186914e-05
2125475,-1.998065678e-05
2127301,-1.999822301e-05
2129127,-2.001423257e-05
2130953,-2.003409884e-05
2132779,-2.004995316e-05
2134605,-2.006713914e-05
2136431,-2.008674872e-05
2138257,-2.010246361e-05
2140083,-2.01202565e-05
2141909,-2.013944709e-05
2143735,-2.015554104e-05
2145561,-2.017235893e-05
2147387,-2.019271381e-05
2149213,-2.020812841e-05
2151039,-2.022514377e-05
2152865,-2.024622745e-05
2154691,-2.026040293e-05
2156517,-2.02784918e-05
2158343,-2.029858558e-05
2160169,-2.031342297e-05
2161995,-2.033168677e-05
2163821,-2.035121663e-05
2165647,-2.036695117e-05
2167473,-2.038419132e-05
2169299,-2.040435558e-05
2171125,-2.04196183e-05
2172951,-2.043746936e-05
2174777,-2.045749813e-05
2176603,-2.047239012e-05
2178429,-2.049134315e-05
2180255,-2.050971187e-05
2182081,-2.052585913e-05
2183907,-2.054467629e-05
2185733,-2.056254532e-05
2187559,-2.057966936e-05
2189385,-2.059777942e-05
2191211,-2.061607329e-05
2193037,-2.063248969e-05
2194863,-2.065167065e-05
2196689,-2.066933241e-05
2198515,-2.068573182e-05
2200341,-2.0706101e-05
2202167,-2.07220578e-05
2203993,-2.073967042e-05
2205819,-2.07596176e-05
2207645,-2.077551393e-05
2209471,-2.079363151e-05
2211297,-2.081324407e-05
2213123,-2.082966288e-05
2214949,-2.084675593e-05
2216775,-2.086748171e-05
2218601,-2.08830987e-05
2220427,-2.090046318e-05
2222253,-2.092193049e-05
2224079,-2.093639633e-05
2225905,-2.095490088e-05
2227731,-2.097519779e-05
2229557,-2.099037767e-05
2231383,-2.100892463e-05
2233209,-2.102873949e-05
2235035,-2.104495317e-05
2236861,-2.106249358e-05
2238687,-2.108287891e-05
2240513,-2.109846814e-05
2242339,-2.111669598e-05
2244165,-2.113692378e-05
2245991,-2.115222297e-05
2247817,-2.117166402e-05
2249643,-2.119010538e-05
2251469,-2.120663566e-05
2253295,-2.122577715e-05
2255121,-2.124383682e-05
2256947,-2.126141927e-05
2258773,-2.127989546e-05
2260599,-2.129835745e-05
2262425,-2.131505743e-05
2264251,-2.133461686e-05
2266077,-2.135242016e-05
2267903,-2.136917461e-05
2269729,-2.13900186e-05
2271555,-2.140605643e-05
2273381,-2.142395533e-05
2275207,-2.144415966e-05
2277033,-2.146026367e-05
2278859,-2.147870606e-05
2280685,-2.149861369e-05
2282511,-2.15152401e-05
2284337,-2.153251407e-05
2286163,-2.155346998e-05
2287989,-2.156922405e-05
2289815,-2.158687514e-05
2291641,-2.160862909e-05
2293467,-2.162319637e-05
2295293,-2.164193561e-05
2297119,-2.166226371e-05
2298945,-2.167763722e-05
2300771,-2.169644245e-05
2302597,-2.171632067e-05
2304423,-2.173274991e-05
2306249,-2.175041859e-05
2308075,-2.177076422e-05
2309901,-2.178647104e-05
2311727,-2.180490477e-05
2313553,-2.182516105e-05
2315379,-2.184054128e-05
2317205,-2.186010352e-05
2319031,-2.187836985e-05
2320857,-2.189498687e-05
2322683,-2.191422385e-05
2324509,-2.193220372e-05
2326335,-2.194985233e-05
2328161,-2.196828838e-05
2329987,-2.198656863e-05
2331813,-2.200319478e-05
2333639,-2.202276977e-05
2335465,-2.204044104e-05
2337291,-2.205709143e-05
2339117,-2.207786781e-05
2340943,-2.209354499e-05
2342769,-2.21113144e-05
2344595,-2.21314148e-05
2346421,-2.214722412e-05
2348247,-2.216553756e-05
2350073,-2.218518403e-05
2351899,-2.220139346e-05
2353725,-2.221840737e-05
2355551,-2.223909727e-05
2357377,-2.225451556e-05
2359203,-2.227187503e-05
2361029,-2.229323212e-05
2362855,-2.230729575e-05
2364681,-2.232565088e-05
2366507,-2.234553908e-05
2368333,-2.236050542e-05
2370159,-2.237890131e-05
2371985,-2.239818224e-05
2373811,-2.241407731e-05
2375637,-2.243119694e-05
2377463,-2.245094742e-05
2379289,-2.246620569e-05
2381115,-2.248406337e-05
2382941,-2.250361229e-05
2384767,-2.251836061e-05
2386593,-2.253724812e-05
2388419,-2.255479482e-05
2390245,-2.257085601e-05
2392071,-2.258945497e-05
2393897,-2.260653499e-05
2395723,-2.262347168e-05
2397549,-2.264118726e-05
2399375,-2.265854528e-05
2401201,-2.267456865e-05
2403027,-2.269342114e-05
2404853,-2.271008437e-05
2406679,-2.272593173e-05
2408505,-2.274586302e-05
2410331,-2.27606139e-05
2412157,-2.277763032e-05
2413983,-2.279695621e-05
2415809,-2.281170946e-05
2417635,-2.282908071e-05
2419461,-2.284787805e-05
2421287,-2.286306254e-05
2423113,-2.28792695e-05
2424939,-2.289911032e-05
2426765,-2.291350042e-05
2428591,-2.292985589e-05
2430417,-2.295019041e-05
2432243,-2.296341244e-05
2434069,-2.298085493e-05
2435895,-2.299981406e-05
2437721,-2.301384911e-05
2439547,-2.303121785e-05
2441373,-2.304946646e-05
2443199,-2.306447529e-05
2445025,-2.308082073e-05
2446851,-2.30995497e-05
2448677,-2.311396319e-05
2450503,-2.313089589e-05
2452329,-2.314926314e-05
2454155,-2.316337116e-05
2455981,-2.318145802e-05
2457807,-2.319803393e-05
2459633,-2.321333366e-05
2461459,-2.3231078e-05
2463285,-2.32471675e-05
2465111,-2.326330387e-05
2466937,-2.328048851e-05
2468763,-2.329696693e-05
2470589,-2.331223275e-05
2472415,-2.333041103e-05
2474241,-2.33461018e-05
2476067,-2.336140218e-05
2477893,-2.338075945e-05
2479719,-2.3394839e-05
2481545,-2.341123189e-05
2483371,-2.342995358e-05
2485197,-2.344402994e-05
2487023,-2.346076591e-05
2488849,-2.347926728e-05
2490675,-2.349393222e-05
2492501,-2.3509645e-05
2494327,-2.352898692e-05
2496153,-2.354282767e-05
2497979,-2.355894649e-05
2499805,-2.357879405e-05
2501631,-2.359183227e-05
2503457,-2.360901517e-05
2505283,-2.362749783e-05
2507109,-2.364131853e-05
2508935,-2.365842105e-05
2510761,-2.367654306e-05
2512587,-2.369144998e-05
2514413,-2.370770062e-05
2516239,-2.372617189e-05
2518065,-2.374044324e-05
2519891,-2.375751199e-05
2521717,-2.377564977e-05
2523543,-2.378994918e-05
2525369,-2.38081535e-05
2527195,-2.382458661e-05
2529021,-2.383999895e-05
2530847,-2.385785039e-05
2532673,-2.38741555e-05
2534499,-2.389047095e-05
2536325,-2.390793064e-05
2538151,-2.392450426e-05
2539977,-2.393996072e-05
2541803,-2.395858057e-05
2543629,-2.39743677e-05
2545455,-2.399019235e-05
2547281,-2.40099287e-05
2549107,-2.402421178e-05
2550933,-2.404103876e-05
2552759,-2.40601296e-05
2554585,-2.407473251e-05
2556411,-2.409192288e-05
2558237,-2.411094581e-05
2560063,-2.412601973e-05
2561889,-2.41422184e-05
2563715,-2.416220978e-05
2565541,-2.41764562e-05
2567367,-2.419334746e-05
2569193,-2.421373571e-05
2571019,-2.42273185e-05
2572845,-2.424516174e-05
2574671,-2.426418593e-05
2576497,-2.427885404e-05
2578323,-2.429660227e-05
2580149,-2.431538283e-05
2581975,-2.43310152e-05
2583801,-2.434796481e-05
2585627,-2.436719119e-05
2587453,-2.438219713e-05
2589279,-2.440020166e-05
2591105,-2.441896171e-05
2592931,-2.443411675e-05
2594757,-2.445313001e-05
2596583,-2.447023048e-05
2598409,-2.448673714e-05
2600235,-2.450538514e-05
2602061,-2.452245285e-05
2603887,-2.453966329e-05
2605713,-2.455802801e-05
2607539,-2.457544874e-05
2609365,-2.459178481e-05
2611191,-2.461153269e-05
2613017,-2.462801796e-05
2614843,-2.46447971e-05
2616669,-2.466551726e-05
2618495,-2.468059522e-05
2620321,-2.46985802e-05
2622147,-2.47186185e-05
2623973,-2.473410591e-05
2625799,-2.475222532e-05
2627625,-2.47722677e-05
2629451,-2.478834266e-05
2631277,-2.480548276e-05
2633103,-2.482662463e-05
2634929,-2.484177647e-05
2636755,-2.485965474e-05
2638581,-2.488096455e-05
2640407,-2.48956271e-05
2642233,-2.491465622e-05
2644059,-2.493454004e-05
2645885,-2.495034857e-05
2647711,-2.49690568e-05
2649537,-2.498876084e-05
2651363,-2.500558555e-05
2653189,-2.502357811e-05
2655015,-2.504385592e-05
2656841,-2.505989432e-05
2658667,-2.507898142e-05
2660493,-2.509857364e-05
2662319,-2.511488622e-05
2664145,-2.513517997e-05
2665971,-2.515308154e-05
2667797,-2.517072496e-05
2669623,-2.519041083e-05
2671449,-2.520835728e-05
2673275,-2.522668042e-05
2675101,-2.52461643e-05
2676927,-2.526460041e-05
2678753,-2.528185702e-05
2680579,-2.53026595e-05
2682405,-2.531997106e-05
2684231,-2.533777007e-05
2686057,-2.535964856e-05
2687883,-2.537553623e-05
2689709,-2.539448549e-05
2691535,-2.54153723e-05
2693361,-2.543170232e-05
2695187,-2.545074411e-05
2697013,-2.547166275e-05
2698839,-2.548865621e-05
2700665,-2.55065264e-05
2702491,-2.552837654e-05
2704317,-2.554422868e-05
2706143,-2.556292428e-05
2707969,-2.558495648e-05
2709795,-2.560024485e-05
2711621,-2.561998993e-05
2713447,-2.564024411e-05
2715273,-2.565663258e-05
2717099,-2.567596264e-05
2718925,-2.569603955e-05
2720751,-2.571341622e-05
2722577,-2.573173996e-05
2724403,-2.575218866e-05
2726229,-2.576853224e-05
2728055,-2.578792619e-05
2729881,-2.580769242e-05
2731707,-2.58241118e-05
2733533,-2.584450297e-05
2735359,-2.586221702e-05
2737185,-2.587982927e-05
2739011,-2.589949865e-05
2740837,-2.591717613e-05
2742663,-2.59353451e-05
2744489,-2.59544583e-05
2746315,-2.597231376e-05
2748141,-2.598920463e-05
2749967,-2.600956088e-05
2751793,-2.602622589e-05
2753619,-2.604337477e-05
2755445,-2.606452856e-05
2757271,-2.607939967e-05
2759097,-2.609751804e-05
2760923,-2.611758794e-05
2762749,-2.613279807e-05
2764575,-2.615080448e-05
2766401,-2.617048535e-05
2768227,-2.618607244e-05
2770053,-2.620274414e-05
2771879,-2.622326753e-05
2773705,-2.623773556e-05
2775531,-2.625486186e-05
2777357,-2.627526465e-05
2779183,-2.628891745e-05
2781009,-2.630694357e-05
2782835,-2.63255712e-05
2784661,-2.634025817e-05
2786487,-2.635774091e-05
2788313,-2.637577047e-05
2790139,-2.639121215e-05
2791965,-2.640775848e-05
2793791,-2.642612985e-05
2795617,-2.644065493e-05
2797443,-2.64579793e-05
2799269,-2.64754618e-05
2801095,-2.648993495e-05
2802921,-2.650825177e-05
2804747,-2.652390627e-05
2806573,-2.653953959e-05
2808399,-2.655715294e-05
2810225,-2.65725291e-05
2812051,-2.658854066e-05
2813877,-2.660590737e-05
2815703,-2.662161844e-05
2817529,-2.663657838e-05
2819355,-2.665498705e-05
2821181,-2.666950909e-05
2823007,-2.668479705e-05
2824833,-2.670408812e-05
2826659,-2.671727921e-05
2828485,-2.673363763e-05
2830311,-2.675195128e-05
2832137,-2.676541772e-05
2833963,-2.678168854e-05
2835789,-2.680004859e-05
2837615,-2.681416701e-05
2839441,-2.682951081e-05
2841267,-2.684856463e-05
2843093,-2.686171424e-05
2844919,-2.68777904e-05
2846745,-2.689687437e-05
2848571,-2.690977388e-05
2850397,-2.692691864e-05
2852223,-2.694445762e-05
2854049,-2.695840038e-05
2855875,-2.697512088e-05
2857701,-2.699265387e-05
2859527,-2.700757004e-05
2861353,-2.702378048e-05
2863179,-2.704161471e-05
2865005,-2.705580147e-05
2866831,-2.707312338e-05
2868657,-2.709027222e-05
2870483,-2.710493869e-05
2872309,-2.712335116e-05
2874135,-2.713893018e-05
2875961,-2.715482029e-05
2877787,-2.717264867e-05
2879613,-2.718850507e-05
2881439,-2.72049308e-05
2883265,-2.722286025e-05
2885091,-2.723897222e-05
2886917,-2.725454725e-05
2888743,-2.727383633e-05
2890569,-2.728889971e-05
2892395,-2.730521925e-05
2894221,-2.732538565e-05
2896047,-2.733932839e-05
2897873,-2.735676425e-05
2899699,-2.737606074e-05
2901525,-2.739073739e-05
2903351,-2.740811112e-05
2905177,-2.742768355e-05
2907003,-2.744290545e-05
2908829,-2.745950922e-05
2910655,-2.748003384e-05
2912481,-2.749440989e-05
2914307,-2.751200639e-05
2916133,-2.75324064e-05
2917959,-2.754673859e-05
2919785,-2.756542351e-05
2921611,-2.758433712e-05
2923437,-2.760009122e-05
2925263,-2.761829192e-05
2927089,-2.763731265e-05
2928915,-2.76538735e-05
2930741,-2.767172738e-05
2932567,-2.769127762e-05
2934393,-2.770714125e-05
2936219,-2.772628293e-05
2938045,-2.774492893e-05
2939871,-2.776137707e-05
2941697,-2.778165864e-05
2943523,-2.779881088e-05
2945349,-2.781671736e-05
2947175,-2.783631762e-05
2949001,-2.785379716e-05
2950827,-2.787200585e-05
2952653,-2.789186119e-05
2954479,-2.790982567e-05
2956305,-2.792715529e-05
2958131,-2.794841698e-05
2959957,-2.796511246e-05
2961783,-2.798324643e-05
2963609,-2.800535347e-05
2965435,-2.802105286e-05
2967261,-2.804045849e-05
2969087,-2.806147742e-05
2970913,-2.807790777e-05
2972739,-2.809703353e-05
2974565,-2.811839973e-05
2976391,-2.813555413e-05
2978217,-2.815384993e-05
2980043,-2.817607762e-05
2981869,-2.819209859e-05
2983695,-2.821142321e-05
2985521,-2.823344181e-05
2987347,-2.824945472e-05
2989173,-2.82699164e-05
2990999,-2.829014594e-05
2992825,-2.83074308e-05
2994651,-2.832716095e-05
2996477,-2.834752445e-05
2998303,-2.8365631e-05
3000129,-2.838478349e-05
3001955,-2.840549069e-05
3003781,-2.84224978e-05
3005607,-2.844282146e-05
3007433,-2.846251003e-05
3009259,-2.847995691e-05
3011085,-2.8501232e-05
3012911,-2.851898885e-05
3014737,-2.853759098e-05
3016563,-2.855788322e-05
3018389,-2.857581699e-05
3020215,-2.859457738e-05
3022041,-2.861467237e-05
3023867,-2.863268622e-05
3025693,-2.865010356e-05
3027519,-2.867135718e-05
3029345,-2.868787173e-05
3031171,-2.870574717e-05
3032997,-2.872744608e-05
3034823,-2.874239798e-05
3036649,-2.876109923e-05
3038475,-2.87814124e-05
3040301,-2.87968335e-05
3042127,-2.881495226e-05
3043953,-2.883497144e-05
3045779,-2.885064939e-05
3047605,-2.886748517e-05
3049431,-2.888807165e-05
3051257,-2.890245507e-05
3053083,-2.891982925e-05
3054909,-2.893972214e-05
3056735,-2.895361444e-05
3058561,-2.897173008e-05
3060387,-2.898968678e-05
3062213,-2.900461909e-05
3064039,-2.902181229e-05
3065865,-2.903928036e-05
3067691,-2.905464485e-05
3069517,-2.90711413e-05
3071343,-2.908882014e-05
3073169,-2.910310036e-05
3074995,-2.912042255e-05
3076821,-2.913680895e-05
3078647,-2.915128896e-05
3080473,-2.916944967e-05
3082299,-2.918417504e-05
3084125,-2.919972031e-05
3085951,-2.921698083e-05
3087777,-2.923160405e-05
3089603,-2.924718501e-05
3091429,-2.926455427e-05
3093255,-2.92794716e-05
3095081,-2.929404163e-05
3096907,-2.931244904e-05
3098733,-2.9325963e-05
3100559,-2.934120666e-05
3102385,-2.936020238e-05
3104211,-2.937282787e-05
3106037,-2.9389106e-05
3107863,-2.940703003e-05
3109689,-2.942020273e-05
3111515,-2.94361467e-05
3113341,-2.945440632e-05
3115167,-2.9468255e-05
3116993,-2.948350755e-05
3118819,-2.950243937e-05
3120645,-2.95153145e-05
3122471,-2.953164808e-05
3124297,-2.95502319e-05
3126123,-2.956340923e-05
3127949,-2.958075516e-05
3129775,-2.959788985e-05
3131601,-2.961237002e-05
3133427,-2.962914601e-05
3135253,-2.964657045e-05
3137079,-2.966185876e-05
3138905,-2.967848871e-05
3140731,-2.969629318e-05
3142557,-2.971086469e-05
3144383,-2.972891297e-05
3146209,-2.974572153e-05
3148035,-2.976116041e-05
3149861,-2.978017954e-05
3151687,-2.979572809e-05
3153513,-2.98125236e-05
3155339,-2.983094479e-05
3157165,-2.984699254e-05
3158991,-2.986398719e-05
3160817,-2.98829097e-05
3162643,-2.98993084e-05
3164469,-2.991555671e-05
3166295,-2.993601988e-05
3168121,-2.995115786e-05
3169947,-2.996844922e-05
3171773,-2.998943132e-05
3173599,-3.000398752e-05
3175425,-3.002251573e-05
3177251,-3.004257604e-05
3179077,-3.005810266e-05
3180903,-3.007623721e-05
3182729,-3.009677877e-05
3184555,-3.011300242e-05
3186381,-3.013063384e-05
3188207,-3.015215923e-05
3190033,-3.016744057e-05
3191859,-3.018630176e-05
3193685,-3.020725351e-05
3195511,-3.022304467e-05
3197337,-3.024310285e-05
3199163,-3.02626464e-05
3200989,-3.02799184e-05
3202815,-3.029925215e-05
3204641,-3.031911934e-05
3206467,-3.033711747e-05
3208293,-3.035645735e-05
3210119,-3.037691497e-05
3211945,-3.039403486e-05
3213771,-3.041476218e-05
3215597,-3.043399533e-05
3217423,-3.045205293e-05
3219249,-3.047383915e-05
3221075,-3.049176593e-05
3222901,-3.051112939e-05
3224727,-3.053199605e-05
3226553,-3.055035814e-05
3228379,-3.05697943e-05
3230205,-3.059111619e-05
3232031,-3.060983048e-05
3233857,-3.06281876e-05
3235683,-3.065077721e-05
3237509,-3.066791047e-05
3239335,-3.068723636e-05
3241161,-3.07102092e-05
3242987,-3.072642435e-05
3244813,-3.074667536e-05
3246639,-3.076820565e-05
3248465,-3.07851169e-05
3250291,-3.08047014e-05
3252117,-3.082634903e-05
3253943,-3.084362476e-05
3255769,-3.086206817e-05
3257595,-3.088418513e-05
3259421,-3.090007926e-05
3261247,-3.091935588e-05
3263073,-3.094050764e-05
3264899,-3.095622294e-05
3266725,-3.097604091e-05
3268551,-3.099513239e-05
3270377,-3.101187391e-05
3272203,-3.103053724e-05
3274029,-3.104924975e-05
3275855,-3.106610558e-05
3277681,-3.108401542e-05
3279507,-3.110266322e-05
3281333,-3.111820137e-05
3283159,-3.113696003e-05
3284985,-3.115388307e-05
3286811,-3.116951434e-05
3288637,-3.118866753e-05
3290463,-3.120381127e-05
3292289,-3.122031272e-05
3294115,-3.123827693e-05
3295941,-3.125317393e-05
3297767,-3.126918275e-05
3299593,-3.128713737e-05
3301419,-3.130202768e-05
3303245,-3.131687409e-05
3305071,-3.13357151e-05
3306897,-3.134888353e-05
3308723,-3.136420548e-05
3310549,-3.13830924e-05
3312375,-3.139550003e-05
3314201,-3.141173063e-05
3316027,-3.142930758e-05
3317853,-3.14421776e-05
3319679,-3.145769244e-05
3321505,-3.14755267e-05
3323331,-3.148892119e-05
3325157,-3.150385882e-05
3326983,-3.152220796e-05
3328809,-3.153456299e-05
3330635,-3.155050049e-05
3332461,-3.156812641e-05
3334287,-3.15810477e-05
3336113,-3.159795819e-05
3337939,-3.161416775e-05
3339765,-3.162834274e-05
3341591,-3.164451516e-05
3343417,-3.166113983e-05
3345243,-3.167593072e-05
3347069,-3.169226044e-05
3348895,-3.170921231e-05
3350721,-3.172333396e-05
3352547,-3.174110266e-05
3354373,-3.175689305e-05
3356199,-3.17721101e-05
3358025,-3.179078825e-05
3359851,-3.180554532e-05
3361677,-3.182208973e-05
3363503,-3.184013776e-05
3365329,-3.185556438e-05
3367155,-3.18721093e-05
3368981,-3.189096596e-05
3370807,-3.190668747e-05
3372633,-3.192266879e-05
3374459,-3.19430613e-05
3376285,-3.195752454e-05
3378111,-3.197472943e-05
3379937,-3.199541975e-05
3381763,-3.200967611e-05
3383589,-3.202811374e-05
3385415,-3.204786665e-05
3387241,-3.206331784e-05
3389067,-3.20812075e-05
3390893,-3.210162928e-05
3392719,-3.211770739e-05
3394545,-3.2135404e-05
3396371,-3.215677074e-05
3398197,-3.217203037e-05
3400023,-3.219108725e-05
3401849,-3.221165324e-05
3403675,-3.222776024e-05
3405501,-3.22480001e-05
3407327,-3.226729066e-05
3409153,-3.228501916e-05
3410979,-3.230444657e-05
3412805,-3.232427042e-05
3414631,-3.234249666e-05
3416457,-3.236230546e-05
3418283,-3.23827147e-05
3420109,-3.240018188e-05
3421935,-3.242145669e-05
3423761,-3.244050841e-05
3425587,-3.245911494e-05
3427413,-3.248135592e-05
3429239,-3.249931523e-05
3431065,-3.25192775e-05
3432891,-3.254054759e-05
3434717,-3.255907205e-05
3436543,-3.257882683e-05
3438369,-3.26008238e-05
3440195,-3.261959498e-05
3442021,-3.263841002e-05
3443847,-3.266159358e-05
3445673,-3.267872577e-05
3447499,-3.269855877e-05
3449325,-3.272179252e-05
3451151,-3.27382291e-05
3452977,-3.275887434e-05
3454803,-3.278053429e-05
3456629,-3.279773206e-05
3458455,-3.281736227e-05
3460281,-3.283913331e-05
3462107,-3.285643545e-05
3463933,-3.287504085e-05
3465759,-3.289701556e-05
3467585,-3.291289474e-05
3469411,-3.293220848e-05
3471237,-3.295275883e-05
3473063,-3.296852297e-05
3474889,-3.298814043e-05
3476715,-3.300657605e-05
3478541,-3.302326099e-05
3480367,-3.304142733e-05
3482193,-3.305941286e-05
3484019,-3.307575285e-05
3485845,-3.309337471e-05
3487671,-3.311109073e-05
3489497,-3.312608995e-05
3491323,-3.314442139e-05
3493149,-3.316015955e-05
3494975,-3.317529983e-05
3496801,-3.3193834e-05
3498627,-3.320800294e-05
3500453,-3.322395641e-05
3502279,-3.324121336e-05
3504105,-3.325521651e-05
3505931,-3.327043208e-05
3507757,-3.328801122e-05
3509583,-3.330195257e-05
3511409,-3.331626899e-05
3513235,-3.333467895e-05
3515061,-3.334696981e-05
3516887,-3.336202649e-05
3518713,-3.338034301e-05
3520539,-3.339232173e-05
3522365,-3.340830516e-05
3524191,-3.342543452e-05
3526017,-3.343818164e-05
3527843,-3.3453406e-05
3529669,-3.347112446e-05
3531495,-3.348437302e-05
3533321,-3.349942138e-05
3535147,-3.351767018e-05
3536973,-3.353013593e-05
3538799,-3.354646557e-05
3540625,-3.356388189e-05
3542451,-3.35773156e-05
3544277,-3.359455666e-05
3546103,-3.361082643e-05
3547929,-3.362578697e-05
3549755,-3.364234523e-05
3551581,-3.365926468e-05
3553407,-3.367461533e-05
3555233,-3.369175626e-05
3557059,-3.370903677e-05
3558885,-3.372393138e-05
3560711,-3.374273212e-05
3562537,-3.375876072e-05
3564363,-3.377494106e-05
3566189,-3.379452059e-05
3568015,-3.380985929e-05
3569841,-3.382752916e-05
3571667,-3.384655451e-05
3573493,-3.386270527e-05
3575319,-3.388010305e-05
3577145,-3.390022117e-05
3578971,-3.391673004e-05
3580797,-3.393382993e-05
3582623,-3.395551683e-05
3584449,-3.397077059e-05
3586275,-3.398921775e-05
3588101,-3.40109378e-05
3589927,-3.402641318e-05
3591753,-3.404619101e-05
3593579,-3.406700041e-05
3595405,-3.408377166e-05
3597231,-3.410283526e-05
3599057,-3.412446016e-05
3600883,-3.414185842e-05
3602709,-3.416101565e-05
3604535,-3.418349414e-05
3606361,-3.420005653e-05
3608187,-3.42206219e-05
3610013,-3.42420949e-05
3611839,-3.425976116e-05
3613665,-3.428135408e-05
3615491,-3.430158057e-05
3617317,-3.432074727e-05
3619143,-3.434136142e-05
3620969,-3.436215164e-05
3622795,-3.438152169e-05
3624621,-3.440252123e-05
3626447,-3.442354483e-05
3628273,-3.444195881e-05
3630099,-3.446425921e-05
3631925,-3.448356597e-05
3633751,-3.450294437e-05
3635577,-3.452562653e-05
3637403,-3.454355787e-05
3639229,-3.456381248e-05
3641055,-3.458523973e-05
3642881,-3.460337859e-05
3644707,-3.462273779e-05
3646533,-3.46443443e-05
3648359,-3.466204058e-05
3650009,-3.460545308e-05