"LeapfrogAdaptive_time","LeapfrogAdaptive_energyChange"
0,0
18880,-2.150849542e-06
37440,-1.012815224e-05
56000,-4.868626193e-06
74560,-3.227002875e-06
93120,-2.491372935e-06
111680,-9.948639046e-06
130240,-6.461545046e-07
148800,-5.226794771e-06
167360,-8.269862069e-06
185920,-7.948118261e-06
204480,-6.554061019e-06
223040,-1.983280375e-06
241600,-1.270291758e-05
260160,-6.956102906e-07
278720,-3.388630319e-06
297280,-8.607513951e-06
315840,-7.14979452e-06
334400,-3.892842856e-06
352960,-1.314631751e-06
371520,-1.069430352e-05
390080,-2.548894329e-06
408640,-7.390976653e-06
427200,-7.224181726e-06
445760,-1.15676801e-05
464320,-5.920464931e-06
482880,-7.047011865e-07
501440,-1.363714516e-05
520000,-1.903127339e-06
538560,-5.258374427e-06
557120,-4.820139381e-06
575680,-1.05076097e-05
594240,-2.262840913e-06
612800,-5.309405049e-06
631360,-1.192284565e-05
649920,-6.672216193e-06
668480,-8.088201164e-06
687040,-4.393267081e-06
705600,-1.38296735e-05
724160,-2.899476736e-06
742720,-3.699919856e-06
761280,-1.058175518e-05
779840,-6.436531215e-06
798400,-5.42511381e-06
816960,-5.075270355e-07
835520,-1.283343702e-05
854080,-9.297998917e-07
872640,-7.382599753e-06
891200,-9.526704162e-06
909760,-1.059209898e-05
928320,-6.41590446e-06
946880,-3.009880741e-07
965440,-1.353660891e-05
984000,-5.289342524e-07
1002560,-4.978036337e-06
1021120,-5.951147492e-06
1039680,-9.478948436e-06
1058240,-3.012461348e-06
1076800,-3.702845502e-06
1095360,-1.298621331e-05
1113920,-4.294380768e-06
1132480,-7.644727853e-06
1151040,-6.439482765e-06
1169600,-1.167777547e-05
1188160,-4.337396332e-06
1206720,-1.461775361e-06
1225280,-1.102318655e-05
1243840,-4.003915253e-06
1262400,-4.710875837e-06
1280960,-2.011024243e-06
1299520,-1.176094576e-05
1318080,-1.787565094e-06
1336640,-5.504315697e-06
1355200,-1.182794223e-05
1373760,-6.555407015e-06
1392320,-6.786138623e-06
1410880,-4.206009261e-06
1429440,-1.289182871e-05
1448000,-2.147735959e-06
1466560,-3.521908957e-06
1485120,-8.304114805e-06
1503680,-6.784296766e-06
1522240,-4.971611811e-06
1540800,-9.882519391e-07
1559360,-1.378201343e-05
1577920,-1.146549152e-06
1596480,-6.611072781e-06
1615040,-1.034786357e-05
1633600,-9.660483313e-06
1652160,-6.150914078e-06
1670720,-8.248515719e-07
1689280,-1.195073702e-05
1707840,-8.752510547e-07
1726400,-5.293645459e-06
1744960,-4.806890893e-06
1763520,-1.12332803e-05
1782080,-3.583545868e-06
1800640,-3.682904924e-06
1819200,-1.388736093e-05
1837760,-4.090773685e-06
1856320,-6.823331654e-06
1874880,-6.522459411e-06
1893440,-1.115819275e-05
1912000,-3.646086783e-06
1930560,-2.225986444e-06
1949120,-9.690393647e-06
1967680,-4.891383546e-06
1986240,-5.062259758e-06
2004800,-1.860693169e-06
2023360,-1.323142441e-05
2041920,-9.697533198e-07
2060480,-4.730034999e-06
2079040,-1.18436561e-05
2097600,-6.277200911e-06
2116160,-6.038149251e-06
2134720,-3.392740613e-06
2153280,-1.024693469e-05
2171840,-1.161057093e-06
2190400,-3.346671655e-06
2208960,-7.120357479e-06
2227520,-8.323167557e-06
2246080,-4.449605946e-06
2264640,-1.154492078e-07
2283200,-1.37119844e-05
2301760,-2.034950444e-07
2320320,-5.372105938e-06
2338880,-9.78869763e-06
2357440,-7.454465652e-06
2376000,-5.123910112e-06
2394560,-1.113862663e-06
2413120,-1.051950405e-05
2431680,-1.370771209e-06
2450240,-4.984679206e-06
2468800,-5.917418927e-06
2487360,-1.074940053e-05
2505920,-4.491968574e-06
2524480,-1.593966203e-06
2543040,-1.439715265e-05
2561600,-2.249652283e-06
2580160,-6.233521639e-06
2598720,-7.799118623e-06
2617280,-9.491649365e-06
2635840,-4.232936305e-06
2654400,-2.146306167e-06
2672960,-1.016114818e-05
2691520,-5.390117818e-06
2710080,-6.122677435e-06
2728640,-3.717704416e-06
2747200,-1.446409469e-05
2765760,-3.172145949e-06
2784320,-4.256556082e-06
2802880,-1.313991373e-05
2821440,-4.470062418e-06
2840000,-6.622140367e-06
2858560,-3.095448319e-06
2877120,-1.095504493e-05
2895680,-6.20404123e-07
2914240,-4.950576996e-06
2932800,-9.254384162e-06
2951360,-9.663764395e-06
2969920,-5.999988062e-06
2988480,-4.807765871e-07
3007040,-1.464320987e-05
3025600,-7.224527974e-07
3044160,-5.918289662e-06
3062720,-9.430292427e-06
3081280,-7.252205831e-06
3099840,-5.044477868e-06
3118400,-4.282385136e-07
3136960,-1.137873582e-05
3155520,-2.83403009e-06
3174080,-5.793909022e-06
3192640,-6.533422181e-06
3211200,-1.222848388e-05
3229760,-5.219110657e-06
3248320,-2.166507737e-06
3266880,-1.415834504e-05
3285440,-8.749497511e-07
3304000,-5.968949802e-06
3322560,-6.235919922e-06
3341120,-9.202358768e-06
3359680,-2.580761997e-06
3378240,-2.658295284e-06
3396800,-1.170373889e-05
3415360,-5.984261477e-06
3433920,-7.003423002e-06
3452480,-4.401736364e-06
3471040,-1.387760561e-05
3489600,-4.472367762e-06
3508160,-3.59766401e-06
3526720,-1.26138501e-05
3545280,-4.461586434e-06
3563840,-5.900492024e-06
3582400,-2.64337581e-06
3600960,-1.240498609e-05
3619520,-6.230373697e-07
3638080,-5.695924784e-06
3656640,-1.036250511e-05
3675200,-9.657966941e-06
3693760,-7.582898541e-06
3712320,-9.69454884e-07
3730880,-1.568540237e-05
3749440,-2.124918624e-06
3768000,-6.152713777e-06
3786560,-8.915843537e-06
3805120,-8.154363707e-06
3823680,-4.955913872e-06
3842240,-1.773890162e-06
3860800,-1.375592568e-05
3879360,-3.951821005e-06
3897920,-7.74203674e-06
3916480,-7.120371549e-06
3935040,-1.324555927e-05
3953600,-6.534196864e-06
3972160,-2.60452277e-06
3990720,-1.328679409e-05
4009280,-2.019388348e-06
4027840,-6.104717998e-06
4046400,-4.337938118e-06
4064960,-1.23866981e-05
4083520,-1.646602718e-06
4102080,-4.77742306e-06
4120640,-1.209928224e-05
4139200,-7.352845522e-06
4157760,-8.015811763e-06
4176320,-3.049901778e-06
4194880,-1.377702357e-05
4213440,-3.823239505e-06
4232000,-4.100374964e-06
4250560,-1.009113186e-05
4269120,-5.987253522e-06
4287680,-4.460479895e-06
4306240,-8.256322948e-07
4324800,-1.311004822e-05
4343360,-1.29639453e-06
4361920,-6.557965767e-06
4380480,-9.464226865e-06
4399040,-9.998971541e-06
4417600,-7.604291039e-06
4436160,-7.234823213e-07
4454720,-1.311876812e-05
4473280,-7.317286863e-07
4491840,-4.463280081e-06
4510400,-7.277039298e-06
4528960,-9.97999837e-06
4547520,-3.337747121e-06
4566080,-2.176554716e-06
4584640,-1.311837807e-05
4603200,-3.534828378e-06
4621760,-7.983895108e-06
4640320,-6.820006578e-06
4658880,-1.178009519e-05
4677440,-5.810799939e-06
4696000,-1.807014186e-06
4714560,-1.21174325e-05
4733120,-3.635186033e-06
4751680,-5.37723552e-06
4770240,-3.565890534e-06
4788800,-1.230716599e-05
4807360,-1.412445188e-06
4825920,-5.412923062e-06
4844480,-1.191371478e-05
4863040,-7.178401039e-06
4881600,-8.034727996e-06
4900160,-3.589145314e-06
4918720,-1.214585164e-05
4937280,-2.424416883e-06
4955840,-3.778130827e-06
4974400,-8.473710136e-06
4992960,-8.193038459e-06
5011520,-3.906362395e-06
5030080,-6.01016332e-07
5048640,-1.357832577e-05
5067200,-1.697412313e-06
5085760,-7.193502481e-06
5104320,-8.702331427e-06
5122880,-8.346891093e-06
5141440,-6.059250229e-06
5160000,-3.379712664e-07
5178560,-1.079685549e-05
5197120,-1.795073643e-06
5215680,-3.511018504e-06
5234240,-5.71228069e-06
5252800,-9.891345019e-06
5271360,-1.977319971e-06
5289920,-2.991123615e-06
5308480,-1.17001389e-05
5327040,-3.399803536e-06
5345600,-6.592987025e-06
5364160,-6.419931276e-06
5382720,-9.284160657e-06
5401280,-3.277020756e-06
5419840,-1.01311244e-07
5438400,-9.691817444e-06
5456960,-4.154226235e-06
5475520,-2.940810714e-06
5494080,-3.085641268e-06
5512640,-1.108237002e-05
5531200,-1.8122688e-06
5549760,-4.155217491e-06
5568320,-1.156388437e-05
5586880,-3.841188586e-06
5605440,-5.815330251e-06
5624000,-4.794230709e-06
5642560,-9.756125041e-06
5661120,-1.279918878e-06
5679680,-1.71431384e-06
5698240,-8.491339624e-06
5716800,-6.510205624e-06
5735360,-4.301667386e-06
5753920,-4.796185784e-07
5772480,-1.221852442e-05
5791040,-1.138814168e-06
5809600,-5.406274506e-06
5828160,-1.012954493e-05
5846720,-6.674413105e-06
5865280,-5.224584556e-06
5883840,-2.180987043e-06
5902400,-1.097239285e-05
5920960,-8.740569382e-07
5939520,-3.638562069e-06
5958080,-5.92437913e-06
5976640,-9.629958503e-06
5995200,-4.099995769e-06
6013760,-1.975016611e-06
6032320,-1.316229648e-05
6050880,-1.011775935e-06
6069440,-5.76582008e-06
6088000,-7.395113959e-06
6106560,-8.154020013e-06
6125120,-3.137278005e-06
6143680,-3.163545601e-07
6162240,-1.004147537e-05
6180800,-4.645689445e-06
6199360,-4.813028446e-06
6217920,-3.476988064e-06
6236480,-1.170277837e-05
6255040,-3.639874538e-06
6273600,-3.242176658e-06
6292160,-1.151918409e-05
6310720,-3.182078041e-06
6329280,-4.688227149e-06
6347840,-5.334655461e-06
6366400,-1.012766894e-05
6384960,-8.778069047e-07
6403520,-2.120603254e-06
6422080,-8.383697135e-06
6440640,-6.628780045e-06
6459200,-5.879409005e-06
6477760,-1.017956858e-06
6496320,-1.298809602e-05
6514880,-2.450150705e-06
6533440,-4.259183841e-06
6552000,-1.079526795e-05
6570560,-5.802051074e-06
6589120,-4.514207746e-06
6607680,-2.464654492e-06
6626240,-1.052756434e-05
6644800,-8.963512346e-07
6663360,-5.289745621e-06
6681920,-6.697481911e-06
6700480,-9.902181521e-06
6719040,-6.508338296e-06
6737600,-8.582778472e-07
6756160,-1.384744167e-05
6774720,-3.62042958e-07
6793280,-5.394004048e-06
6811840,-7.946283991e-06
6830400,-9.704742884e-06
6848960,-3.403496798e-06
6867520,-1.976656148e-06
6886080,-1.066860629e-05
6904640,-4.62066535e-06
6923200,-7.284851601e-06
6941760,-3.882843602e-06
6960320,-1.301616993e-05
6978880,-4.318595564e-06
6997440,-3.28830685e-06
7016000,-1.238778907e-05
7034560,-4.603881882e-06
7053120,-5.212197027e-06
7071680,-3.015856264e-06
7090240,-1.067461707e-05
7108800,-7.25139829e-08
7127360,-5.487914034e-06
7145920,-7.998442531e-06
7164480,-9.248368507e-06
7183040,-6.685663525e-06
7201600,-7.957210065e-07
7220160,-1.299600137e-05
7238720,-7.865640743e-07
7257280,-4.014714088e-06
7275840,-8.215342609e-06
7294400,-7.584278666e-06
7312960,-2.753632354e-06
7331520,-5.021951002e-07
7350080,-1.018076757e-05
7368640,-3.471751845e-06
7387200,-6.136848886e-06
7405760,-5.425519868e-06
7424320,-1.010387255e-05
7442880,-4.551682642e-06
7461440,-7.337604922e-07
7480000,-1.127036177e-05
7498560,-2.455228136e-06
7517120,-3.147586041e-06
7535680,-5.333142044e-06
7554240,-7.889062211e-06
7572800,-9.910000413e-07
7591360,-3.089327399e-06
7609920,-8.368247287e-06
7628480,-5.3450033e-06
7647040,-6.263491521e-06
7665600,-4.329810727e-06
7684160,-1.090793717e-05
7702720,-2.405779713e-06
7721280,-1.022986666e-06
7739840,-9.393384883e-06
7758400,-4.070266527e-06
7776960,-2.691161157e-06
7795520,-1.577342126e-06
7814080,-8.621496189e-06
7832640,-8.606605543e-07
7851200,-4.850716924e-06
7869760,-8.337014228e-06
7888320,-7.024963409e-06
7906880,-4.838937374e-06
7925440,-2.555466e-06
7944000,-1.05800717e-05
7962560,-7.518691998e-08
7981120,-2.099949613e-06
7999680,-6.78826558e-06
8018240,-5.556925706e-06
8036800,-1.677724876e-06
8055360,-1.13722386e-06
8073920,-8.81612774e-06
8092480,-3.06350888e-06
8111040,-4.650215446e-06
8129600,-6.548851758e-06
8148160,-8.380154167e-06
8166720,-2.945260811e-06
8185280,-1.378283312e-06
8203840,-9.224119712e-06
8222400,-1.114370946e-06
8240960,-1.290058824e-06
8259520,-3.666333467e-06
8278080,-6.723680635e-06
8296640,-2.110683705e-07
8315200,-1.859714315e-06
8333760,-9.248328239e-06
8352320,-3.488777309e-06
8370880,-3.385553681e-06
8389440,-5.640922204e-06
8408000,-7.295994536e-06
8426560,-2.08552697e-06
8445120,-1.364418305e-06
8463680,-7.253118101e-06
8482240,-2.102276434e-06
8500800,-1.332569087e-06
8519360,-2.453576493e-06
8537920,-7.632285519e-06
8556480,-1.028180314e-06
8575040,-1.998357511e-06
8593600,-9.050766093e-06
8612160,-3.787252702e-06
8630720,-4.005359894e-06
8649280,-5.864381067e-06
8667840,-8.466415186e-06
8686400,-2.511629297e-06
8704960,-4.342505344e-07
8723520,-6.671319987e-06
8742080,-3.488473129e-06
8760640,-3.007404241e-06
8779200,-1.598228724e-06
8797760,-1.025436399e-05
8816320,-5.581456327e-07
8834880,-3.148320197e-06
8853440,-1.044519337e-05
8872000,-5.771092055e-06
8890560,-5.049229223e-06
8909120,-3.833897952e-06
8927680,-8.840940526e-06
8946240,-7.378302997e-07
8964800,-2.835124069e-06
8983360,-5.921236618e-06
9001920,-7.756093515e-06
9020480,-3.638582544e-06
9039040,-8.990565263e-08
9057600,-1.209311219e-05
9076160,-1.465831622e-06
9094720,-5.051386993e-06
9113280,-8.246221501e-06
9131840,-7.789812044e-06
9150400,-4.296617282e-06
9168960,-3.330470537e-07
9187520,-8.504575505e-06
9206080,-2.836998524e-06
9224640,-4.016280243e-06
9243200,-3.529330986e-06
9261760,-1.067759505e-05
9280320,-2.015862503e-06
9298880,-2.754574166e-06
9317440,-1.176200272e-05
9336000,-3.613334713e-06
9354560,-5.429932091e-06
9373120,-5.198255343e-06
9391680,-7.969480259e-06
9410240,-1.901311831e-06
9428800,-2.050166273e-06
9447360,-7.238759025e-06
9465920,-6.275960896e-06
9484480,-4.271658448e-06
9503040,-1.585789979e-06
9521600,-1.18817584e-05
9540160,-9.467837293e-07
9558720,-4.080883267e-06
9577280,-9.625058924e-06
9595840,-5.47562005e-06
9614400,-4.667094993e-06
9632960,-2.383232806e-06
9651520,-9.11212284e-06
9670080,-7.407144487e-07
9688640,-3.745472887e-06
9707200,-6.172349249e-06
9725760,-9.026164512e-06
9744320,-4.154653959e-06
9762880,-5.145401766e-07
9781440,-1.261537431e-05
9800000,-1.270536535e-06
9818560,-4.811803146e-06
9837120,-7.441352738e-06
9855680,-7.008478671e-06
9874240,-2.948876922e-06
9892800,-1.304613337e-06
9911360,-8.180808323e-06
9929920,-4.907037334e-06
9948480,-5.104937569e-06
9967040,-3.888313546e-06
9985600,-1.199555357e-05
10004160,-2.402741253e-06
10022720,-2.699648603e-06
10041280,-1.079686763e-05
10059840,-3.440738847e-06
10078400,-4.724957323e-06
10096960,-3.085614514e-06
10115520,-7.884826719e-06
10134080,-4.823274903e-07
10152640,-3.061922004e-06
10171200,-7.171229866e-06
10189760,-7.997727251e-06
10208320,-3.527915577e-06
10226880,-1.02273134e-06
10245440,-1.097872793e-05
10264000,-9.265592588e-09
10282560,-3.471906595e-06
10301120,-7.748278047e-06
10319680,-4.536931364e-06
10338240,-2.072083712e-06
10356800,-8.254589899e-07
10375360,-7.339615893e-06
10393920,-3.50045013e-06
10412480,-3.056811693e-06
10431040,-5.205246056e-06
10449600,-8.275350144e-06
10468160,-2.627183581e-06
10486720,-3.125069253e-07
10505280,-9.333336328e-06
10523840,-4.564375858e-08
10542400,-1.769295607e-06
10560960,-5.250436764e-06
10579520,-4.615412615e-06
10598080,-5.079696913e-08
10616640,-1.429204487e-07
10635200,-7.824808178e-06
10653760,-3.74681653e-06
10672320,-2.677754157e-06
10690880,-4.797524516e-06
10709440,-7.957550907e-06
10728000,-2.838404936e-06
10746560,-3.801459626e-07
10765120,-9.009598899e-06
10783680,-5.82559361e-07
10802240,-1.446530685e-06
10820800,-4.689586192e-06
10839360,-6.32218123e-06
10857920,-1.812434607e-07
10876480,-6.754587758e-07
10895040,-8.133615508e-06
10913600,-4.610491452e-06
10932160,-4.096141511e-06
10950720,-4.602132628e-06
10969280,-9.703872532e-06
10987840,-3.482391713e-06
11006400,-1.827845718e-07
11024960,-8.039014558e-06
11043520,-2.429849767e-06
11062080,-1.96922845e-06
11080640,-2.6484399e-06
11099200,-8.854674289e-06
11117760,-7.058832712e-07
11136320,-2.388926059e-06
11154880,-8.518519975e-06
11173440,-6.168241649e-06
11192000,-5.228445277e-06
11210560,-3.156010213e-06
11229120,-8.99431896e-06
11247680,-2.114146142e-06
11266240,-1.360986927e-06
11284800,-6.880620229e-06
11303360,-5.536068543e-06
11321920,-1.702756084e-06
11340480,-1.293169671e-06
11359040,-9.44477859e-06
11377600,-1.889765933e-06
11396160,-4.670226635e-06
11414720,-7.181078621e-06
11433280,-7.172386267e-06
11451840,-5.702010213e-06
11470400,-2.145432794e-06
11488960,-9.371977705e-06
11507520,-1.32661678e-07
11526080,-1.866739431e-06
11544640,-6.141395688e-06
11563200,-7.699701824e-06
11581760,-1.87610825e-06
11600320,-1.222184191e-06
11618880,-1.089209924e-05
11637440,-2.919061289e-06
11656000,-6.329637733e-06
11674560,-6.970457734e-06
11693120,-8.722584158e-06
11711680,-4.472447299e-06
11730240,-1.1401787e-07
11748800,-1.017673748e-05
11767360,-3.435018061e-06
11785920,-3.850956593e-06
11804480,-4.124694813e-06
11823040,-1.085773967e-05
11841600,-1.812903106e-06
11860160,-4.732569286e-06
11878720,-1.11843454e-05
11897280,-5.387662586e-06
11915840,-7.416483317e-06
11934400,-4.173482032e-06
11952960,-1.117548622e-05
11971520,-1.945433126e-06
11990080,-2.905943632e-06
12008640,-8.41500531e-06
12027200,-7.366015533e-06
12045760,-4.222532904e-06
12064320,-7.763056767e-07
12082880,-1.296207132e-05
12101440,-9.013295345e-07
12120000,-7.136520612e-06
12138560,-9.190682256e-06
12157120,-8.25879263e-06
12175680,-5.705045857e-06
12194240,-1.686597657e-07
12212800,-1.074375767e-05
12231360,-2.718773543e-06
12249920,-4.403410339e-06
12268480,-4.719522572e-06
12287040,-1.117984675e-05
12305600,-2.549255867e-06
12324160,-3.957581012e-06
12342720,-1.184059908e-05
12361280,-3.451755964e-06
12379840,-6.988920021e-06
12398400,-5.314321642e-06
12416960,-9.7203967e-06
12435520,-2.338074055e-06
12454080,-1.367995619e-06
12472640,-9.285264909e-06
12491200,-6.007520051e-06
12509760,-3.742910907e-06
12528320,-9.386370385e-07
12546880,-1.154999195e-05
12565440,-1.059715229e-06
12584000,-5.27969921e-06
12602560,-1.04024594e-05
12621120,-5.444983679e-06
12639680,-4.809596641e-06
12658240,-3.583745809e-06
12676800,-9.903979181e-06
12695360,-7.684744355e-07
12713920,-2.686432535e-06
12732480,-6.701052439e-06
12751040,-8.057638868e-06
12769600,-4.241246882e-06
12788160,-9.368389823e-07
12806720,-1.225550489e-05
12825280,-9.054929239e-08
12843840,-5.253055382e-06
12862400,-8.431280283e-06
12880960,-7.265107689e-06
12899520,-3.433360862e-06
12918080,-8.592317763e-07
12936640,-1.003617504e-05
12955200,-2.836333724e-06
12973760,-4.148509045e-06
12992320,-4.189703295e-06
13010880,-1.012129414e-05
13029440,-3.488797996e-06
13048000,-3.051931605e-06
13066560,-1.240958502e-05
13085120,-2.607013084e-06
13103680,-4.977033821e-06
13122240,-6.029806567e-06
13140800,-9.009579414e-06
13159360,-1.267935439e-06
13177920,-1.733389269e-06
13196480,-8.144670131e-06
13215040,-5.807087407e-06
13233600,-4.876847066e-06
13252160,-1.814554995e-06
13270720,-1.199585519e-05
13289280,-2.264471254e-06
13307840,-3.200162058e-06
13326400,-1.005247197e-05
13344960,-4.216107075e-06
13363520,-3.393938363e-06
13382080,-2.944507622e-06
13400640,-9.307357655e-06
13419200,-7.883279991e-07
13437760,-2.86800837e-06
13456320,-6.639339452e-06
13474880,-7.496261481e-06
13493440,-4.613948406e-06
13512000,-5.324438708e-07
13530560,-1.15107582e-05
13549120,-1.020835609e-06
13567680,-2.830807651e-06
13586240,-9.127937143e-06
13604800,-6.250815807e-06
13623360,-2.510232951e-06
13641920,-1.961187956e-06
13660480,-9.247741227e-06
13679040,-1.896457339e-06
13697600,-4.750985666e-06
13716160,-5.680080987e-06
13734720,-9.656445487e-06
13753280,-5.50302535e-06
13771840,-4.107033988e-07
13790400,-1.264630218e-05
13808960,-4.838238826e-07
13827520,-3.46429752e-06
13846080,-7.338250298e-06
13864640,-8.029330884e-06
13883200,-3.010890949e-06
13901760,-1.850579357e-06
13920320,-1.015438445e-05
13938880,-4.1725521e-06
13957440,-6.991326018e-06
13976000,-5.204594592e-06
13994560,-1.218458779e-05
14013120,-4.428819569e-06
14031680,-2.008640136e-06
14050240,-1.222462952e-05
14068800,-3.876058346e-06
14087360,-5.128312645e-06
14105920,-3.757475349e-06
14124480,-1.041179941e-05
14143040,-1.063084882e-06
14161600,-5.444662283e-06
14180160,-9.57814372e-06
14198720,-8.250322086e-06
14217280,-7.531199347e-06
14235840,-2.388262721e-06
14254400,-1.40461363e-05
14272960,-1.810477475e-06
14291520,-4.038726722e-06
14310080,-9.460547656e-06
14328640,-7.00198787e-06
14347200,-4.222635372e-06
14365760,-1.056366019e-06
14384320,-1.171776474e-05
14402880,-2.489852489e-06
14421440,-7.165254712e-06
14440000,-8.083135409e-06
14458560,-1.092022506e-05
14477120,-5.777877383e-06
14495680,-3.489701601e-07
14514240,-1.331640301e-05
14532800,-1.639090513e-06
14551360,-4.785660191e-06
14569920,-5.968281323e-06
14588480,-1.006092733e-05
14607040,-2.611341558e-06
14625600,-3.913217564e-06
14644160,-1.184322301e-05
14662720,-4.964893894e-06
14681280,-7.791691446e-06
14699840,-5.449784402e-06
14718400,-1.271549682e-05
14736960,-4.237286661e-06
14755520,-1.97347691e-06
14774080,-1.178457174e-05
14792640,-4.235841675e-06
14811200,-5.201002412e-06
14829760,-1.291126091e-06
14848320,-1.196127021e-05
14866880,-1.187152367e-06
14885440,-6.870694396e-06
14904000,-1.15032888e-05
14922560,-8.548935409e-06
14941120,-7.481025171e-06
14959680,-2.761720019e-06
14978240,-1.414154769e-05
14996800,-1.369624303e-06
15015360,-4.898802847e-06
15033920,-8.057656523e-06
15052480,-8.432386721e-06
15071040,-5.165982079e-06
15089600,-2.378497805e-06
15108160,-1.437626056e-05
15126720,-2.561023258e-06
15145280,-7.988986642e-06
15163840,-8.502629758e-06
15182400,-1.215203106e-05
15200960,-5.981047982e-06
15219520,-1.29580555e-06
15238080,-1.283081403e-05
15256640,-2.549395216e-06
15275200,-5.678448562e-06
15293760,-3.12720695e-06
15312320,-1.207732873e-05
15330880,-2.204150964e-06
15349440,-5.601610182e-06
15368000,-1.326073063e-05
15386560,-6.403562416e-06
15405120,-7.569190567e-06
15423680,-4.923666708e-06
15442240,-1.277917764e-05
15460800,-2.79527019e-06
15479360,-3.370599115e-06
15497920,-8.912482546e-06
15516480,-6.561986198e-06
15535040,-4.902873147e-06
15553600,-3.170158999e-09
15572160,-1.364972389e-05
15590720,-2.587703384e-07
15609280,-5.840079847e-06
15627840,-1.029354139e-05
15646400,-8.261523986e-06
15664960,-6.068720313e-06
15683520,-1.662907344e-06
15702080,-1.202030172e-05
15720640,-2.774872572e-07
15739200,-4.311717977e-06
15757760,-6.343119659e-06
15776320,-9.413297201e-06
15794880,-4.187308664e-06
15813440,-2.402907599e-06
15832000,-1.375319505e-05
15850560,-2.198726004e-06
15869120,-6.69404736e-06
15887680,-8.686300267e-06
15906240,-1.015408378e-05
15924800,-4.831641161e-06
15943360,-4.739814143e-07
15961920,-1.047754508e-05
15980480,-3.169465448e-06
15999040,-5.884199268e-06
16017600,-3.419646101e-06
16036160,-1.312554868e-05
16054720,-3.238922347e-06
16073280,-3.980259735e-06
16091840,-1.396709072e-05
16110400,-5.037174059e-06
16128960,-6.854345573e-06
16147520,-4.853287323e-06
16166080,-1.092705186e-05
16184640,-2.819426329e-06
16203200,-3.918743972e-06
16221760,-8.705167933e-06
16240320,-7.537379115e-06
16258880,-5.384378829e-06
16277440,-7.473616301e-07
16296000,-1.467354658e-05
16314560,-1.953952717e-07
16333120,-6.041883115e-06
16351680,-1.09213783e-05
16370240,-7.762882405e-06
16388800,-6.101097583e-06
16407360,-1.263464774e-06
16425920,-1.087860043e-05
16444480,-1.311944097e-06
16463040,-4.896908817e-06
16481600,-6.118482658e-06
16500160,-1.112151178e-05
16518720,-4.148048661e-06
16537280,-1.626038e-06
16555840,-1.414243337e-05
16574400,-1.635545563e-06
16592960,-5.815719095e-06
16611520,-7.499686297e-06
16630080,-8.426100027e-06
16648640,-3.660723694e-06
16667200,-1.61769329e-06
16685760,-1.002229515e-05
16704320,-4.520576325e-06
16722880,-5.341622195e-06
16741440,-4.31590039e-06
16760000,-1.243858867e-05
16778560,-3.431806061e-06
16797120,-3.219221188e-06
16815680,-1.264283964e-05
16834240,-3.11001331e-06
16852800,-6.007220313e-06
16871360,-4.957814638e-06
16889920,-9.899385678e-06
16908480,-1.860328778e-06
16927040,-3.289020707e-06
16945600,-9.606086135e-06
16964160,-7.473245264e-06
16982720,-6.186230226e-06
17001280,-2.071343215e-06
17019840,-1.44632116e-05
17038400,-2.338166335e-06
17056960,-4.582852012e-06
17075520,-1.128205002e-05
17094080,-5.787625232e-06
17112640,-5.480773429e-06
17131200,-7.472224615e-07
17149760,-1.155267882e-05
17168320,-1.255432243e-06
17186880,-6.049824774e-06
17205440,-8.431282946e-06
17224000,-1.161896972e-05
17242560,-5.899067094e-06
17261120,-8.670163419e-07
17279680,-1.486868612e-05
17298240,-3.452122724e-07
17316800,-6.361975707e-06
17335360,-6.98751884e-06
17353920,-8.922599752e-06
17372480,-3.448426022e-06
17391040,-2.206983756e-06
17409600,-1.195176551e-05
17428160,-5.673931023e-06
17446720,-6.663226793e-06
17465280,-4.693618915e-06
17483840,-1.360523757e-05
17502400,-4.860606861e-06
17520960,-3.572176599e-06
17539520,-1.241839988e-05
17558080,-3.023368713e-06
17576640,-5.336495445e-06
17595200,-3.109840423e-06
17613760,-1.102226718e-05
17632320,-3.310158417e-07
17650880,-4.610140692e-06
17669440,-1.017885315e-05
17688000,-8.081137642e-06
17706560,-6.978972505e-06
17725120,-2.015611585e-06
17743680,-1.370134206e-05
17762240,-2.870624615e-06
17780800,-4.548395576e-06
17799360,-9.45222658e-06
17817920,-6.521375849e-06
17836480,-4.591226621e-06
17855040,-5.318773318e-07
17873600,-1.288592349e-05
17892160,-1.887302177e-06
17910720,-6.121562163e-06
17929280,-8.192172131e-06
17947840,-1.089680031e-05
17966400,-6.926166893e-06
17984960,-4.331737919e-07
18003520,-1.380679449e-05
18022080,-1.071816923e-07
18040640,-5.212746858e-06
18059200,-6.652815447e-06
18077760,-1.044894383e-05
18096320,-3.068693337e-06
18114880,-3.503791335e-06
18133440,-1.299014655e-05
18152000,-5.357159583e-06
18170560,-8.529282377e-06
18189120,-5.620748376e-06
18207680,-1.353349748e-05
18226240,-5.37276592e-06
18244800,-3.086353487e-06
18263360,-1.128052076e-05
18281920,-4.568845879e-06
18300480,-5.656994104e-06
18319040,-2.000165561e-06
18337600,-1.335546489e-05
18356160,-2.041616265e-07
18374720,-6.065415473e-06
18393280,-1.081254458e-05
18411840,-9.324470415e-06
18430400,-7.877883349e-06
18448960,-1.003412112e-06
18467520,-1.320315208e-05
18486080,-1.607290706e-06
18504640,-4.951666303e-06
18523200,-7.787950595e-06
18541760,-9.106245535e-06
18560320,-3.187248742e-06
18578880,-1.612697522e-06
18597440,-1.278121226e-05
18616000,-3.517331726e-06
18634560,-7.755010267e-06
18653120,-7.005444721e-06
18671680,-1.050166085e-05
18690240,-6.023350232e-06
18708800,-7.758787782e-07
18727360,-1.111313843e-05
18745920,-2.906056753e-06
18764480,-3.999690436e-06
18783040,-4.089414197e-06
18801600,-1.122125704e-05
18820160,-1.461361886e-06
18838720,-4.057902958e-06
18857280,-1.135351309e-05
18875840,-5.131689728e-06
18894400,-7.078896334e-06
18912960,-4.852432724e-06
18931520,-1.054105462e-05
18950080,-3.027118762e-06
18968640,-1.926632415e-06
18987200,-9.449045601e-06
19005760,-5.874896852e-06
19024320,-3.649433666e-06
19042880,-1.536454958e-06
19061440,-1.185774986e-05
19080000,-2.844694582e-07
19098560,-6.047334246e-06
19117120,-9.866210165e-06
19135680,-7.120376402e-06
19154240,-6.562404571e-06
19172800,-2.550819838e-06
19191360,-1.094322529e-05
19209920,-1.012462933e-07
19228480,-3.104035268e-06
19247040,-6.884767229e-06
19265600,-8.647227397e-06
19284160,-3.109005096e-06
19302720,-1.911999372e-06
19321280,-1.248780648e-05
19339840,-2.157761912e-06
19358400,-6.358785952e-06
19376960,-7.617332748e-06
19395520,-8.497852725e-06
19414080,-3.702406117e-06
19432640,-4.267698081e-07
19451200,-9.592331623e-06
19469760,-3.571322282e-06
19488320,-3.442627708e-06
19506880,-3.663241926e-06
19525440,-1.0466074e-05
19544000,-1.571146239e-06
19562560,-3.784579492e-06
19581120,-1.098905322e-05
19599680,-3.335773056e-06
19618240,-5.696161367e-06
19636800,-4.788181212e-06
19655360,-8.455135281e-06
19673920,-1.315004855e-06
19692480,-3.942007327e-07
19711040,-7.922007941e-06
19729600,-5.646903755e-06
19748160,-2.544637425e-06
19766720,-1.02882358e-06
19785280,-1.063836056e-05
19803840,-1.379409318e-06
19822400,-3.875319217e-06
19840960,-9.830996203e-06
19859520,-4.297001404e-06
19878080,-3.71126285e-06
19896640,-4.0175521e-06
19915200,-9.375842969e-06
19933760,-3.329643494e-07
19952320,-1.635811407e-06
19970880,-6.783081907e-06
19989440,-7.057165984e-06
20008000,-4.077529514e-06
20026560,-3.043937013e-07
20045120,-1.174829691e-05
20063680,-7.546411476e-07
20082240,-4.107624665e-06
20100800,-9.068807248e-06
20119360,-6.318053709e-06
20137920,-3.924937187e-06
20156480,-2.154340165e-06
20175040,-9.822884379e-06
20193600,-1.862019301e-06
20212160,-4.179505134e-06
20230720,-4.956062043e-06
20249280,-1.015139338e-05
20267840,-4.91225563e-06
20286400,-1.891590471e-06
20304960,-1.274730542e-05
20323520,-1.273594122e-06
20342080,-4.907584355e-06
20360640,-7.036136434e-06
20379200,-8.804630342e-06
20397760,-2.304938947e-06
20416320,-1.631238222e-06
20434880,-9.077247177e-06
20453440,-5.26402562e-06
20472000,-6.139798676e-06
20490560,-2.675213199e-06
20509120,-1.233015758e-05
20527680,-3.032570267e-06
20546240,-3.621681578e-06
20564800,-1.077433958e-05
20583360,-4.818670754e-06
20601920,-4.700750471e-06
20620480,-3.156495299e-06
20639040,-1.009377409e-05
20657600,-4.130336866e-07
20676160,-3.81206776e-06
20694720,-7.276390135e-06
20713280,-8.459531065e-06
20731840,-5.629114753e-06
20750400,-1.872179975e-07
20768960,-1.257811983e-05
20787520,-8.435771053e-07
20806080,-3.911630578e-06
20824640,-8.73230714e-06
20843200,-7.391647863e-06
20861760,-2.490311613e-06
20880320,-1.017287596e-07
20898880,-9.724745331e-06
20917440,-3.20338705e-06
20936000,-6.198716506e-06
20954560,-5.193492822e-06
20973120,-1.042067159e-05
20991680,-5.37121354e-06
21010240,-6.907571136e-07
21028800,-1.229659196e-05
21047360,-2.056103815e-06
21065920,-4.037708318e-06
21084480,-5.530303858e-06
21103040,-8.95317711e-06
21121600,-1.893292329e-06
21140160,-3.413937157e-06
21158720,-8.726157174e-06
21177280,-6.041786088e-06
21195840,-6.661750101e-06
21214400,-3.071145639e-06
21232960,-1.24222084e-05
21251520,-2.537363999e-06
21270080,-2.946188061e-06
21288640,-1.035287604e-05
21307200,-5.423178165e-06
21325760,-3.944460863e-06
21344320,-1.455690913e-06
21362880,-9.77744459e-06
21381440,-1.567928215e-06
21400000,-6.013810685e-06
21418560,-7.15216607e-06
21437120,-9.444265259e-06
21455680,-5.681073666e-06
21474240,-7.024299232e-07
21492800,-1.161005937e-05
21511360,-1.114343785e-06
21529920,-3.281391338e-06
21548480,-5.865881072e-06
21567040,-7.33127683e-06
21585600,-1.573086176e-06
21604160,-2.383661176e-06
21622720,-8.871006036e-06
21641280,-4.598457813e-06
21659840,-5.557435964e-06
21678400,-5.076090734e-06
21696960,-9.733831477e-06
21715520,-2.372039053e-06
21734080,-6.081799872e-07
21752640,-9.136016978e-06
21771200,-3.134274636e-06
21789760,-1.930972486e-06
21808320,-3.011861822e-06
21826880,-7.169308895e-06
21845440,-1.093211737e-06
21864000,-3.122335712e-06
21882560,-7.682278792e-06
21901120,-5.362235465e-06
21919680,-4.227020049e-06
21938240,-3.936040072e-06
21956800,-8.693715574e-06
21975360,-1.052684249e-06
21993920,-3.015109466e-07
22012480,-7.302913058e-06
22031040,-3.493284558e-06
22049600,-1.033145412e-06
22068160,-7.327480285e-07
22086720,-7.61171909e-06
22105280,-8.485319994e-07
22123840,-3.334302646e-06
22142400,-7.944669426e-06
22160960,-5.609666609e-06
22179520,-3.04452407e-06
22198080,-3.79209379e-06
22216640,-8.895781572e-06
22235200,-7.507410997e-07
22253760,-6.630241925e-07
22272320,-5.561246072e-06
22290880,-4.54768302e-06
22309440,-1.740966957e-06
22328000,-2.790948127e-07
22346560,-9.503257242e-06
22365120,-1.822256927e-06
22383680,-3.494160226e-06
22402240,-7.641543889e-06
22420800,-6.911995496e-06
22439360,-3.688622743e-06
22457920,-2.488846133e-06
22476480,-7.9456145e-06
22495040,-2.685650394e-07
22513600,-1.356459203e-06
22532160,-3.527258329e-06
22550720,-7.192832148e-06
22569280,-1.390705843e-06
22587840,-1.164595428e-06
22606400,-1.000032854e-05
22624960,-2.975456351e-06
22643520,-3.654427321e-06
22662080,-6.572560699e-06
22680640,-7.559883059e-06
22699200,-2.608378137e-06
22717760,-9.98955897e-07
22736320,-6.987433211e-06
22754880,-2.732382176e-06
22773440,-2.218903007e-06
22792000,-3.12220921e-06
22810560,-8.88905653e-06
22829120,-9.664682711e-07
22847680,-1.555402254e-06
22866240,-9.932194758e-06
22884800,-3.737104486e-06
22903360,-4.595138581e-06
22921920,-5.504287453e-06
22940480,-7.578420998e-06
22959040,-2.133071938e-06
22977600,-5.927437351e-07
22996160,-6.660847511e-06
23014720,-5.131788953e-06
23033280,-3.643679252e-06
23051840,-1.719082884e-06
23070400,-1.101857502e-05
23088960,-1.180317594e-06
23107520,-3.655509868e-06
23126080,-1.047606574e-05
23144640,-5.158708003e-06
23163200,-4.91919345e-06
23181760,-3.148687233e-06
23200320,-8.689657003e-06
23218880,-5.671413897e-08
23237440,-3.966832471e-06
23256000,-6.131444554e-06
23274560,-8.747006365e-06
23293120,-4.144413912e-06
23311680,-4.453214211e-07
23330240,-1.306463965e-05
23348800,-1.656577975e-06
23367360,-5.545606837e-06
23385920,-7.690377217e-06
23404480,-7.651907511e-06
23423040,-4.151435283e-06
23441600,-1.011272656e-06
23460160,-8.736861116e-06
23478720,-4.313113099e-06
23497280,-4.732965956e-06
23515840,-3.478908206e-06
23534400,-1.238610387e-05
23552960,-2.075358987e-06
23571520,-3.700527377e-06
23590080,-1.143126117e-05
23608640,-4.135393298e-06
23627200,-5.340533264e-06
23645760,-3.517574308e-06
23664320,-8.698654199e-06
23682880,-6.286660142e-08
23701440,-3.334054855e-06
23720000,-7.257448714e-06
23738560,-8.281154619e-06
23757120,-4.399586321e-06
23775680,-8.150956724e-07
23794240,-1.20551844e-05
23812800,-1.881169499e-07
23831360,-4.206721317e-06
23849920,-8.062367862e-06
23868480,-5.510598494e-06
23887040,-3.370885713e-06
23905600,-5.461045641e-07
23924160,-8.150975091e-06
23942720,-2.869647364e-06
23961280,-3.647739835e-06
23979840,-5.208237336e-06
23998400,-9.572555852e-06
24016960,-3.116224726e-06
24035520,-1.021686784e-06
24054080,-1.101474868e-05
24072640,-1.11554157e-06
24091200,-4.01534073e-06
24109760,-6.023499359e-06
24128320,-6.414516976e-06
24146880,-1.098187964e-06
24165440,-1.092620565e-06
24184000,-8.21397962e-06
24202560,-5.321254403e-06
24221120,-4.357419944e-06
24239680,-3.842470663e-06
24258240,-1.033953331e-05
24276800,-2.420674841e-06
24295360,-1.588389353e-06
24313920,-9.862140378e-06
24332480,-2.703262904e-06
24351040,-3.172258246e-06
24369600,-2.793182634e-06
24388160,-7.792218217e-06
24406720,-7.725718978e-07
24425280,-3.050553321e-06
24443840,-7.761940122e-06
24462400,-7.228152631e-06
24480960,-3.832130505e-06
24499520,-1.910733134e-06
24518080,-1.078524555e-05
24536640,-1.34702678e-06
24555200,-2.566856825e-06
24573760,-7.226195367e-06
24592320,-3.946158542e-06
24610880,-1.439715928e-06
24629440,-1.035477807e-06
24648000,-8.595793755e-06
24666560,-3.368053594e-06
24685120,-2.929582374e-06
24703680,-6.092693765e-06
24722240,-7.984724058e-06
24740800,-3.760484686e-06
24759360,-8.428556964e-07
24777920,-9.140003401e-06
24796480,-5.297517174e-07
24815040,-1.212785316e-06
24833600,-5.208558406e-06
24852160,-5.765602311e-06
24870720,-2.493773419e-07
24889280,-2.244911238e-07
24907840,-8.451327649e-06
24926400,-3.019268677e-06
24944960,-3.539480701e-06
24963520,-5.49771117e-06
24982080,-8.011724908e-06
25000640,-4.163417529e-06
25019200,-1.001270341e-06
25037760,-8.877718442e-06
25056320,-6.408149319e-07
25074880,-1.638647162e-06
25093440,-4.955879321e-06
25112000,-7.578662624e-06
25130560,-8.791625178e-07
25149120,-1.078793803e-06
25167680,-9.386978984e-06
25186240,-4.079593892e-06
25204800,-5.938309816e-06
25223360,-5.664480295e-06
25241920,-9.333882435e-06
25260480,-4.365322299e-06
25279040,-8.084365381e-08
25297600,-9.174194221e-06
25316160,-3.734959762e-06
25334720,-3.165990168e-06
25353280,-2.976961106e-06
25371840,-1.042094463e-05
25390400,-4.621559676e-07
25408960,-4.436520046e-06
25427520,-9.874341726e-06
25446080,-6.575360657e-06
25464640,-6.631293588e-06
25483200,-3.358052263e-06
25501760,-1.070146451e-05
25520320,-1.454156253e-06
25538880,-2.946342756e-06
25557440,-7.94208081e-06
25576000,-7.540604141e-06
25594560,-3.269490904e-06
25613120,-2.917452873e-07
25631680,-1.216182991e-05
25650240,-2.316594347e-06
25668800,-6.841324661e-06
25687360,-7.892525116e-06
25705920,-8.536627103e-06
25724480,-5.745342015e-06
25743040,-3.428606082e-07
25761600,-1.032370375e-05
25780160,-2.341375209e-06
25798720,-3.475064042e-06
25817280,-4.798314233e-06
25835840,-1.053781326e-05
25854400,-2.258529325e-06
25872960,-4.234011126e-06
25891520,-1.17717742e-05
25910080,-3.525646834e-06
25928640,-7.454465524e-06
25947200,-5.562485e-06
25965760,-1.012100042e-05
25984320,-2.834600226e-06
26002880,-1.51882922e-06
26021440,-9.81791015e-06
26040000,-5.65391736e-06
26058560,-4.341416161e-06
26077120,-1.61652799e-06
26095680,-1.201070566e-05
26114240,-1.203449551e-06
26132800,-5.781598679e-06
26151360,-1.094106848e-05
26169920,-6.530280875e-06
26188480,-6.634455265e-06
26207040,-2.993480755e-06
26225600,-1.176516327e-05
26244160,-1.195752796e-07
26262720,-3.63455366e-06
26281280,-7.300189398e-06
26299840,-9.448575287e-06
26318400,-4.420512489e-06
26336960,-2.396090655e-06
26355520,-1.37694623e-05
26374080,-1.165385964e-06
26392640,-7.396581537e-06
26411200,-8.550687622e-06
26429760,-9.368649348e-06
26448320,-4.454158142e-06
26466880,-6.724403897e-07
26485440,-1.129332492e-05
26504000,-4.223916685e-06
26522560,-5.605631697e-06
26541120,-3.221830032e-06
26559680,-1.234523421e-05
26578240,-3.032465215e-06
26596800,-4.932722751e-06
26615360,-1.236367798e-05
26633920,-4.795317815e-06
26652480,-6.401896955e-06
26671040,-4.128806795e-06
26689600,-1.076502009e-05
26708160,-1.029864695e-06
26726720,-3.11255013e-06
26745280,-8.394852168e-06
26763840,-7.54107131e-06
26782400,-4.718348418e-06
26800960,-2.115533697e-07
26819520,-1.298752465e-05
26838080,-8.433654769e-07
26856640,-5.705008925e-06
26875200,-9.489940842e-06
26893760,-6.281922962e-06
26912320,-3.877219702e-06
26930880,-1.906477498e-06
26949440,-1.030488861e-05
26968000,-2.390211261e-06
26986560,-3.654249047e-06
27005120,-5.510700087e-06
27023680,-9.314482521e-06
27042240,-4.571464908e-06
27060800,-1.597721619e-06
27079360,-1.26684464e-05
27097920,-6.38553589e-07
27116480,-4.380831645e-06
27135040,-7.956323471e-06
27153600,-8.372303685e-06
27172160,-2.425001504e-06
27190720,-1.824407353e-07
27209280,-9.507488669e-06
27227840,-3.514827463e-06
27246400,-5.244873872e-06
27264960,-3.684055577e-06
27283520,-1.149128828e-05
27302080,-4.003239266e-06
27320640,-2.5173906e-06
27339200,-1.271811229e-05
27357760,-2.859913841e-06
27376320,-4.754993725e-06
27394880,-5.507187053e-06
27413440,-9.822051421e-06
27432000,-1.469554613e-06
27450560,-3.028888162e-06
27469120,-8.69230536e-06
27487680,-6.812606904e-06
27506240,-6.384661519e-06
27524800,-1.964466339e-06
27543360,-1.321657053e-05
27561920,-2.412635575e-06
27580480,-3.407100403e-06
27599040,-1.056377982e-05
27617600,-6.180530901e-06
27636160,-4.096544759e-06
27654720,-1.643437456e-06
27673280,-1.071346983e-05
27691840,-1.01125407e-06
27710400,-5.501354797e-06
27728960,-6.963681673e-06
27747520,-9.854820208e-06
27766080,-5.761150056e-06
27784640,-7.950359054e-08
27803200,-1.309560415e-05
27821760,-1.627250845e-07
27840320,-4.24234442e-06
27858880,-7.727427782e-06
27877440,-7.820248414e-06
27896000,-2.88139839e-06
27914560,-1.206251888e-06
27933120,-1.033004206e-05
27951680,-4.01351364e-06
27970240,-6.621578371e-06
27988800,-5.591417407e-06
28007360,-1.150170198e-05
28025920,-5.087265569e-06
28044480,-9.285680422e-07
28063040,-1.244403974e-05
28081600,-2.68766766e-06
28100160,-3.957472044e-06
28118720,-5.117765376e-06
28137280,-9.962998135e-06
28155840,-1.935438352e-06
28174400,-4.237628423e-06
28192960,-1.051719802e-05
28211520,-5.924132813e-06
28230080,-7.520777358e-06
28248640,-4.415270973e-06
28267200,-1.362507631e-05
28285760,-3.154244203e-06
28304320,-2.871110877e-06
28322880,-1.163270378e-05
28341440,-5.451561517e-06
28360000,-5.348285524e-06
28378560,-9.412326639e-07
28397120,-1.171753556e-05
28415680,-2.781024545e-07
28434240,-7.043170428e-06
28452800,-9.946593455e-06
28471360,-1.033962258e-05
28489920,-7.417748911e-06
28508480,-1.118903151e-06
28527040,-1.470852342e-05
28545600,-4.922907022e-07
28564160,-5.336248394e-06
28582720,-7.353937551e-06
28601280,-9.491385405e-06
28619840,-4.175637904e-06
28638400,-3.856302931e-06
28656960,-1.34446869e-05
28675520,-4.122196338e-06
28694080,-8.480637915e-06
28712640,-6.801251646e-06
28731200,-1.279218365e-05
28749760,-5.052246493e-06
28768320,-2.317237754e-06
28786880,-1.262886152e-05
28805440,-3.686435495e-06
28824000,-5.903646961e-06
28842560,-2.589279615e-06
28861120,-1.212322724e-05
28879680,-1.561350076e-06
28898240,-5.837927176e-06
28916800,-1.205209747e-05
28935360,-7.780713454e-06
28953920,-7.335177621e-06
28972480,-3.368420923e-06
28991040,-1.380774602e-05
29009600,-2.264225234e-06
29028160,-3.638688215e-06
29046720,-9.136574269e-06
29065280,-7.134071989e-06
29083840,-4.576791015e-06
29102400,-9.989318697e-07
29120960,-1.405193189e-05
29139520,-8.501613476e-07
29158080,-7.383239613e-06
29176640,-1.010061041e-05
29195200,-9.910653908e-06
29213760,-6.602643563e-06
29232320,-9.74060648e-07
29250880,-1.320853565e-05
29269440,-7.194969374e-07
29288000,-5.287780225e-06
29306560,-5.266384201e-06
29325120,-1.05906607e-05
29343680,-4.428195931e-06
29362240,-3.993223685e-06
29380800,-1.429764879e-05
29399360,-4.009002852e-06
29417920,-7.888083247e-06
29436480,-7.333276389e-06
29455040,-1.304029022e-05
29473600,-5.060412396e-06
29492160,-2.672562721e-06
29510720,-1.119829399e-05
29529280,-4.375262488e-06
29547840,-6.389173073e-06
29566400,-1.55415553e-06
29584960,-1.432681841e-05
29603520,-1.476323772e-06
29622080,-6.215961831e-06
29640640,-1.285096754e-05
29659200,-7.838811006e-06
29677760,-7.613366309e-06
29696320,-2.769124439e-06
29714880,-1.275123774e-05
29733440,-1.402333424e-06
29752000,-5.119265424e-06
29770560,-7.490134625e-06
29789120,-9.784079521e-06
29807680,-5.13643272e-06
29826240,-1.850049069e-06
29844800,-1.49747961e-05
29863360,-1.842601681e-06
29881920,-6.978699329e-06
29900480,-8.990304008e-06
29919040,-1.011863007e-05
29937600,-5.25802835e-06
29956160,-5.742395846e-07
29974720,-1.09788252e-05
29993280,-2.742559682e-06
30011840,-5.269254913e-06
30030400,-4.130340867e-06
30048960,-1.23937308e-05
30067520,-2.893225164e-06
30086080,-3.724152336e-06
30104640,-1.36601751e-05
30123200,-4.113640912e-06
30141760,-6.814237258e-06
30160320,-5.927227046e-06
30178880,-1.010225869e-05
30197440,-3.206632793e-06
30216000,-2.419288965e-06
30234560,-9.095768163e-06
30253120,-6.081437738e-06
30271680,-5.44680852e-06
30290240,-2.078275897e-06
30308800,-1.356038921e-05
30327360,-1.917104389e-06
30345920,-4.659881463e-06
30364480,-1.195638708e-05
30383040,-6.171744469e-06
30401600,-5.967031e-06
30420160,-2.824640869e-06
30438720,-1.107623605e-05
30457280,-4.358437584e-07
30475840,-4.936085527e-06
30494400,-7.625478432e-06
30512960,-9.499285173e-06
30531520,-5.252572574e-06
30550080,-4.267432887e-07
30568640,-1.489172585e-05
30587200,-5.773640051e-07
30605760,-6.191877078e-06
30624320,-9.280173833e-06
30642880,-7.870557795e-06
30661440,-5.023023891e-06
30680000,-1.103983932e-06
30698560,-1.03490036e-05
30717120,-3.845710343e-06
30735680,-5.701946904e-06
30754240,-5.063369969e-06
30772800,-1.312247051e-05
30791360,-3.707651526e-06
30809920,-3.006342467e-06
30828480,-1.331637396e-05
30847040,-2.650098243e-06
30865600,-5.960758285e-06
30884160,-4.96615689e-06
30902720,-9.568224945e-06
30921280,-1.670845909e-06
30939840,-3.034312972e-06
30958400,-1.003209565e-05
30976960,-7.02294591e-06
30995520,-5.203862244e-06
31014080,-2.601157799e-06
31032640,-1.31398589e-05
31051200,-2.130604474e-06
31069760,-3.908197692e-06
31088320,-1.078878573e-05
31106880,-4.498193251e-06
31125440,-4.73863147e-06
31144000,-2.211049752e-06
31162560,-1.000593103e-05
31181120,-6.240318764e-07
31199680,-4.088198503e-06
31218240,-8.209993352e-06
31236800,-9.333395116e-06
31255360,-5.766413861e-06
31273920,-5.983257359e-07
31292480,-1.373348766e-05
31311040,-1.647486279e-06
31329600,-4.51210641e-06
31348160,-8.488295615e-06
31366720,-6.717029593e-06
31385280,-3.704131735e-06
31403840,-2.762436768e-07
31422400,-1.167221951e-05
31440960,-2.97040398e-06
31459520,-6.228563539e-06
31478080,-6.88337306e-06
31496640,-1.159420099e-05
31515200,-5.948090422e-06
31533760,-1.525365449e-06
31552320,-1.349184976e-05
31570880,-1.367336054e-06
31589440,-5.831651223e-06
31608000,-5.265685224e-06
31626560,-1.032512344e-05
31645120,-2.523238091e-06
31663680,-3.47343745e-06
31682240,-1.158727231e-05
31700800,-6.789295514e-06
31719360,-7.203438116e-06
31737920,-3.91921711e-06
31756480,-1.418878184e-05
31775040,-4.136707321e-06
31793600,-4.112150493e-06
31812160,-1.066034606e-05
31830720,-5.161679404e-06
31849280,-4.962181401e-06
31867840,-1.187580837e-06
31886400,-1.304276047e-05
31904960,-1.598154455e-06
31923520,-6.118985274e-06
31942080,-9.370361697e-06
31960640,-1.005610079e-05
31979200,-7.277733382e-06
31997760,-2.852320905e-07
32016320,-1.286336772e-05
32034880,-1.056625128e-06
32053440,-4.708891923e-06
32072000,-7.090772831e-06
32090560,-9.090215444e-06
32109120,-2.999482281e-06
32127680,-1.99892584e-06
32146240,-1.229294793e-05
32164800,-3.937425566e-06
32183360,-7.490485994e-06
32201920,-5.885070797e-06
32220480,-1.179818943e-05
32239040,-5.895999449e-06
32257600,-1.727536356e-06
32276160,-1.173236275e-05
32294720,-2.473855357e-06
32313280,-4.549531279e-06
32331840,-4.181184177e-06
32350400,-1.146947151e-05
32368960,-1.311170832e-06
32387520,-4.482702734e-06
32406080,-1.148179488e-05
32424640,-6.722413949e-06
32443200,-8.030105014e-06
32461760,-3.713139656e-06
32480320,-1.245943717e-05
32498880,-3.188976204e-06
32517440,-3.427135301e-06
32536000,-9.338627059e-06
32554560,-7.391041319e-06
32573120,-4.494177748e-06
32591680,-2.027103388e-07
32610240,-1.296335858e-05
32628800,-1.198013067e-06
32647360,-7.0891663e-06
32665920,-8.985405556e-06
32684480,-9.716392819e-06
32703040,-6.853607093e-06
32721600,-3.316119148e-07
32740160,-1.211971468e-05
32758720,-1.271089996e-06
32777280,-4.684767806e-06
32795840,-5.446386274e-06
32814400,-1.060585787e-05
32832960,-2.152329374e-06
32851520,-3.627294041e-06
32870080,-1.215884851e-05
32888640,-5.048357192e-06
32907200,-7.636579607e-06
32925760,-5.54943499e-06
32944320,-1.005464699e-05
32962880,-3.723104272e-06
32981440,-1.828311334e-06
33000000,-8.995896037e-06
33018560,-5.468564855e-06
33037120,-3.327469982e-06
33055680,-1.951372401e-06
33074240,-1.141144809e-05
33092800,-2.685931047e-07
33111360,-5.208786774e-06
33129920,-9.341177059e-06
33148480,-5.707757348e-06
33167040,-5.695361242e-06
33185600,-2.86710734e-06
33204160,-9.440572069e-06
33222720,-7.223382166e-08
33241280,-1.644638795e-06
33259840,-7.14535284e-06
33278400,-6.798102908e-06
33296960,-2.057317154e-06
33315520,-4.23971506e-07
33334080,-1.049007855e-05
33352640,-1.058316255e-06
33371200,-5.125886464e-06
33389760,-8.387094036e-06
33408320,-6.323729288e-06
33426880,-3.757038477e-06
33445440,-2.246262957e-06
33464000,-8.823523948e-06
33482560,-1.765746871e-06
33501120,-1.916832438e-06
33519680,-4.823180551e-06
33538240,-8.314160954e-06
33556800,-2.410045468e-06
33575360,-1.961602289e-06
33593920,-1.131785288e-05
33612480,-1.321929929e-06
33631040,-4.796603877e-06
33649600,-6.959320264e-06
33668160,-7.553390182e-06
33686720,-2.382845314e-06
33705280,-5.579158994e-07
33723840,-9.05971727e-06
33742400,-3.628762001e-06
33760960,-3.028606019e-06
33779520,-3.026769702e-06
33798080,-9.894651945e-06
33816640,-2.053067777e-06
33835200,-2.882466487e-06
33853760,-1.054854737e-05
33872320,-3.410296739e-06
33890880,-4.246249478e-06
33909440,-4.778610346e-06
33928000,-8.47258693e-06
33946560,-7.826168165e-07
33965120,-1.04647962e-06
33983680,-6.889923436e-06
34002240,-6.292211325e-06
34020800,-3.729668322e-06
34039360,-9.272091826e-07
34057920,-1.118450884e-05
34076480,-1.66753446e-06
34095040,-3.300244357e-06
34113600,-8.894398923e-06
34132160,-4.244055142e-06
34150720,-3.096568585e-06
34169280,-3.236557353e-06
34187840,-8.709372601e-06
34206400,-1.333991714e-06
34224960,-2.544414128e-06
34243520,-5.827749539e-06
34262080,-7.765497495e-06
34280640,-4.704660859e-06
34299200,-7.775918601e-09
34317760,-1.130837176e-05
34336320,-3.945227201e-07
34354880,-3.387274133e-06
34373440,-8.805961583e-06
34392000,-6.864168882e-06
34410560,-2.880602273e-06
34429120,-1.430770981e-06
34447680,-8.984268993e-06
34466240,-2.461017829e-06
34484800,-5.095789031e-06
34503360,-4.741274546e-06
34521920,-1.047247868e-05
34540480,-4.776097687e-06
34559040,-1.313772044e-06
34577600,-1.251294795e-05
34596160,-2.1249857e-06
34614720,-4.504053111e-06
34633280,-5.942424014e-06
34651840,-9.066949174e-06
34670400,-1.670841244e-06
34688960,-3.035337229e-06
34707520,-9.004823927e-06
34726080,-6.307677981e-06
34744640,-6.770021368e-06
34763200,-2.640847425e-06
34781760,-1.26691524e-05
34800320,-2.634373265e-06
34818880,-3.592166727e-06
34837440,-1.025845611e-05
34856000,-6.054422665e-06
34874560,-4.255528721e-06
34893120,-1.159033552e-06
34911680,-1.00357406e-05
34930240,-1.566851189e-06
34948800,-5.898094747e-06
34967360,-6.244752007e-06
34985920,-9.904052472e-06
35004480,-5.655325062e-06
35023040,-3.99504071e-07
35041600,-1.257010737e-05
35060160,-8.163024321e-07
35078720,-4.125418857e-06
35097280,-6.490935555e-06
35115840,-7.893939048e-06
35134400,-1.802385134e-06
35152960,-2.190677605e-06
35171520,-9.015982366e-06
35190080,-5.119535116e-06
35208640,-6.061418987e-06
35227200,-4.301137252e-06
35245760,-1.066720811e-05
35264320,-3.120696586e-06
35282880,-1.20448485e-06
35301440,-9.912153227e-06
35320000,-4.009075745e-06
35338560,-2.762150063e-06
35357120,-3.25072199e-06
35375680,-8.660814222e-06
35394240,-2.955791101e-07
35412800,-4.072794166e-06
35431360,-7.605062867e-06
35449920,-6.649803601e-06
35468480,-5.540477123e-06
35487040,-2.792393472e-06
35505600,-1.086706865e-05
35524160,-7.423961112e-07
35542720,-1.610157455e-06
35561280,-7.971767152e-06
35579840,-4.91447328e-06
35598400,-2.144955263e-06
35616960,-1.850300662e-07
35635520,-8.216402896e-06
35654080,-2.38154308e-06
35672640,-5.279169937e-06
35691200,-7.27347102e-06
35709760,-8.49483691e-06
35728320,-3.954586428e-06
35746880,-1.530608958e-06
35765440,-1.000271349e-05
35784000,-1.173018747e-06
35802560,-2.378798636e-06
35821120,-4.564883007e-06
35839680,-6.503859857e-06
35858240,-8.076029274e-07
35876800,-2.32348496e-06
35895360,-8.897441643e-06
35913920,-4.129606085e-06
35932480,-4.333342104e-06
35951040,-5.188771587e-06
35969600,-8.474038987e-06
35988160,-1.874401939e-06
36006720,-2.047454911e-07
36025280,-8.036140275e-06
36043840,-2.395598405e-06
36062400,-1.304001366e-06
36080960,-1.883350061e-06
36099520,-7.061437166e-06
36118080,-9.796575064e-07
36136640,-2.627099304e-06
36155200,-8.098932628e-06
36173760,-4.826503674e-06
36192320,-2.924940064e-06
36210880,-4.570715236e-06
36229440,-7.586986008e-06
36248000,-1.275243467e-06
36266560,-9.800443297e-07
36285120,-5.796508346e-06
36303680,-3.211622934e-06
36322240,-8.259797258e-07
36340800,-1.329417016e-06
36359360,-8.465737635e-06
36377920,-1.758836321e-07
36396480,-1.921529825e-06
36415040,-8.383782126e-06
36433600,-4.422809749e-06
36452160,-3.324034128e-06
36470720,-4.641675359e-06
36489280,-7.827318231e-06
36500160,-6.8242542e-06