"Leapfrog_time","Leapfrog_energyChange"
0,0
182512,-9.682477416e-06
365013,-1.367300263e-05
547514,-8.939712658e-06
730015,-1.032861774e-06
912516,-6.439138484e-07
1095017,-1.659822653e-06
1277518,-2.375024271e-06
1460019,-4.491586355e-07
1642520,-1.778414269e-06
1825021,-3.262701668e-06
2007522,-1.234436057e-05
2190023,-1.296763477e-05
2372524,-7.420522337e-06
2555025,-2.268148465e-06
2737526,-2.810165634e-06
2920027,-2.159512585e-08
3102528,-3.171926323e-06
3285029,-2.093258838e-06
3467530,-6.365639781e-07
3650031,-6.506717567e-06
3832532,-1.298353458e-05
4015033,-1.281405357e-05
4197534,-3.703770377e-06
4380035,-4.848561139e-06
4562536,-5.359317773e-06
4745037,-1.667317064e-06
4927538,-4.775088501e-06
5110039,-4.223749453e-06
5292540,-1.639634833e-06
5475041,-7.916708704e-06
5657542,-1.249363597e-05
5840043,-1.040829396e-05
6022544,-1.065124444e-07
6205045,-7.764924789e-06
6387546,-3.464698147e-06
6570047,-4.801565347e-06
6752548,-8.391922039e-06
6935049,-4.638381465e-06
7117550,-3.253180288e-06
7300051,-7.53345916e-06
7482552,-1.163566355e-05
7665053,-6.256901457e-06
7847554,-3.104413541e-06
8030055,-8.479902363e-06
8212556,-3.006773359e-07
8395057,-8.027267793e-06
8577558,-9.692379195e-06
8760059,-4.328749351e-06
8942560,-2.39969109e-06
9125061,-7.012187539e-06
9307562,-8.396011177e-06
9490063,-3.399052222e-06
9672564,-5.268867601e-06
9855065,-4.906578335e-06
10037566,-3.804167638e-06
10220067,-1.138331131e-05
10402568,-9.32209973e-06
10585069,-3.556643471e-06
10767570,-8.391879614e-07
10950071,-5.676944032e-06
11132572,-5.932777471e-06
11315073,-2.108365786e-06
11497574,-3.466817432e-06
11680075,-8.512410105e-07
11862576,-7.949837301e-06
12045077,-1.222251016e-05
12227578,-8.824166294e-06
12410079,-3.401092723e-07
12592580,-8.72999263e-07
12775081,-2.644974855e-06
12957582,-5.232448134e-06
13140083,-1.849265525e-06
13322584,-1.076224932e-06
13505085,-1.579502173e-06
13687586,-9.882312905e-06
13870087,-1.140343124e-05
14052588,-6.06900671e-06
14235089,-2.873000395e-06
14417590,-3.349627555e-06
14600091,-2.974877665e-06
14782592,-6.56423994e-06
14965093,-5.030258648e-06
15147594,-8.69872712e-07
15330095,-5.137172826e-06
15512596,-1.028664166e-05
15695097,-1.062079937e-05
15877598,-1.793041601e-06
16060099,-5.950615779e-06
16242600,-4.333129809e-06
16425101,-5.176386616e-06
16607602,-9.055026877e-06
16790103,-6.586038041e-06
16972604,-2.299099551e-06
17155105,-5.818756358e-06
17337606,-1.010084635e-05
17520107,-6.817290086e-06
17702608,-2.093603807e-06
17885109,-8.794914578e-06
18067610,-1.509483369e-06
18250111,-7.544202997e-06
18432612,-1.164385348e-05
18615113,-6.31941336e-06
18797614,-2.936232914e-06
18980115,-5.317215446e-06
19162616,-8.486438974e-06
19345117,-3.058956373e-06
19527618,-5.1146647e-06
19710119,-7.147179138e-06
19892620,-2.380615054e-06
20075121,-1.145421273e-05
20257622,-1.233444443e-05
20440123,-6.723370208e-06
20622624,-1.691416191e-06
20805125,-4.887390248e-06
20987626,-4.672694687e-06
21170127,-5.132136215e-07
21352628,-6.385638044e-06
21535129,-3.746872641e-06
21717630,-5.577674369e-06
21900131,-1.347245131e-05
22082632,-1.181172962e-05
22265133,-5.029318149e-06
22447634,-3.617165351e-07
22630135,-2.583429203e-06
22812636,-2.898062663e-06
22995137,-9.506689565e-08
23177638,-3.369694476e-06
23360139,-6.616309091e-07
23542640,-9.259268076e-06
23725141,-1.343094627e-05
23907642,-1.097545193e-05
24090143,-1.556291229e-06
24272644,-1.530699875e-06
24455145,-1.511524459e-07
24637646,-2.950592763e-06
24820147,-1.300650813e-06
25002648,-1.017020516e-06
25185149,-1.886845396e-06
25367650,-1.028221316e-05
25550151,-1.310759641e-05
25732652,-7.783167196e-06
25915153,-1.318767002e-06
26097654,-4.019953546e-06
26280155,-1.345185705e-06
26462656,-4.63338831e-06
26645157,-4.506904399e-06
26827658,-2.713502729e-07
27010159,-4.192553566e-06
27192660,-1.013069237e-05
27375161,-1.173491041e-05
27557662,-4.043962269e-06
27740163,-4.315582399e-06
27922664,-3.599837776e-06
28105165,-4.321857736e-06
28287666,-8.261417195e-06
28470167,-5.803096979e-06
28652668,-1.523152581e-06
28835169,-4.036619623e-06
29017670,-9.482940301e-06
29200171,-7.595697046e-06
29382672,-5.46009998e-07
29565173,-6.672757912e-06
29747674,-8.416888627e-07
29930175,-7.0537686e-06
30112676,-1.053346915e-05
30295177,-5.390472087e-06
30477678,-1.02149246e-06
30660179,-3.408729237e-06
30842680,-7.110970343e-06
31025181,-4.918797228e-06
31207682,-1.440790846e-06
31390183,-4.00654032e-06
31572684,-3.082073607e-06
31755185,-1.143943255e-05
31937686,-1.125048691e-05
32120187,-5.359741706e-06
32302688,-1.025251746e-06
32485189,-2.155357388e-06
32667690,-3.742598101e-06
32850191,-3.275600144e-06
33032692,-1.475096062e-06
33215193,-9.854372158e-07
33397694,-6.409842157e-06
33580195,-1.290632698e-05
33762696,-1.093132011e-05
33945197,-2.538616738e-06
34127698,-3.197711938e-06
34310199,-9.917382998e-07
34492700,-3.173408816e-06
34675201,-3.033956418e-06
34857702,-1.058284978e-06
35040203,-1.098268733e-06
35222704,-9.502988116e-06
35405205,-1.273896457e-05
35587706,-9.81384189e-06
35770207,-1.03110793e-06
35952708,-5.77757742e-06
36135209,-1.823724011e-06
36317710,-4.584994628e-06
36500211,-5.721581491e-06
36682712,-2.67415567e-06
36865213,-3.964608294e-06
37047714,-1.035295396e-05
37230215,-1.278976696e-05
37412716,-5.996602968e-06
37595217,-4.351570949e-06
37777718,-8.519944866e-06
37960219,-1.730075011e-07
38142720,-6.616168761e-06
38325221,-7.94581271e-06
38507722,-2.927824983e-06
38690223,-5.119500999e-06
38872724,-1.031243999e-05
39055225,-1.071781208e-05
39237726,-2.362894079e-06
39420227,-7.517317152e-06
39602728,-6.488389925e-06
39785229,-3.507136182e-06
39967730,-1.043092271e-05
40150231,-8.169153357e-06
40332732,-3.676494054e-06
40515233,-4.402030005e-06
40697734,-9.706996133e-06
40880235,-6.851973355e-06
41062736,-9.561284456e-07
41245237,-8.689564683e-06
41427738,-2.861474892e-06
41610239,-7.019657778e-06
41792740,-1.178214792e-05
41975241,-7.918628127e-06
42157742,-2.324534908e-06
42340243,-4.051280678e-06
42522744,-7.121193585e-06
42705245,-4.843498855e-06
42887746,-2.78023175e-06
43070247,-5.593961446e-06
43252748,-1.013896492e-06
43435249,-1.062895055e-05
43617750,-1.160810028e-05
43800251,-6.881187955e-06
43982752,-1.16382691e-07
44165253,-2.518793523e-06
44347754,-5.074139907e-06
44530255,-3.905336768e-06
44712756,-1.219238641e-06
44895257,-2.566045269e-06
45077758,-4.901389377e-06
45260259,-1.137671933e-05
45442760,-1.10399062e-05
45625261,-3.018666584e-06
45807762,-2.208547874e-06
45990263,-2.504243533e-07
46172764,-4.836411757e-06
46355265,-4.200158398e-06
46537766,-1.060144434e-06
46720267,-4.886150021e-07
46902768,-7.117751842e-06
47085269,-1.139871103e-05
47267770,-8.806897435e-06
47450271,-2.046585786e-07
47632772,-4.532619299e-06
47815273,-9.115315539e-07
47997774,-6.72348711e-06
48180275,-7.715725976e-06
48362776,-2.545293762e-06
48545277,-2.308555011e-06
48727778,-7.41741289e-06
48910279,-1.068214523e-05
49092780,-4.378184373e-06
49275281,-3.830106799e-06
49457782,-5.981362791e-06
49640283,-3.375886197e-06
49822784,-9.260699858e-06
50005285,-9.092187184e-06
50187786,-3.024657006e-06
50370287,-2.497058224e-06
50552788,-7.114380701e-06
50735289,-7.163694823e-06
50917790,-1.065709906e-06
51100291,-6.734502162e-06
51282792,-3.106648437e-06
51465293,-6.398490202e-06
51647794,-1.262474592e-05
51830295,-8.987963584e-06
52012796,-3.356234115e-06
52195297,-1.781355361e-06
52377798,-5.817492577e-06
52560299,-3.699398768e-06
52742800,-1.28133287e-06
52925301,-5.78844499e-06
53107802,-5.036798862e-07
53290303,-1.021745279e-05
53472804,-1.36383155e-05
53655305,-9.073907638e-06
53837806,-1.295904773e-06
54020307,-1.002051383e-06
54202808,-2.37049901e-06
54385309,-1.8683612e-06
54567810,-2.318929547e-06
54750311,-2.7930522e-06
54932812,-3.129080351e-06
55115313,-1.256919434e-05
55297814,-1.323235856e-05
55480315,-7.454559355e-06
55662816,-1.122380962e-06
55845317,-1.123264599e-06
56027818,-1.222554073e-06
56210319,-1.99552458e-06
56392820,-4.777975453e-07
56575321,-5.323157529e-07
56757822,-6.592181633e-06
56940323,-1.27873945e-05
57122824,-1.280090808e-05
57305325,-3.681021739e-06
57487826,-3.728543672e-06
57670327,-3.593288033e-06
57852828,-2.059508528e-06
58035329,-3.806673373e-06
58217830,-2.413631166e-06
58400331,-1.137903025e-06
58582832,-7.915089087e-06
58765333,-1.278568751e-05
58947834,-1.014449419e-05
59130335,-7.676350712e-07
59312836,-6.454107925e-06
59495337,-1.889298646e-06
59677838,-4.717032107e-06
59860339,-7.482831118e-06
60042840,-2.928772084e-06
60225341,-2.688193422e-06
60407842,-7.654478184e-06
60590343,-1.158286743e-05
60772844,-6.432057888e-06
60955345,-2.539848047e-06
61137846,-6.476672411e-06
61320347,-1.206115436e-06
61502848,-8.45028845e-06
61685349,-8.50744039e-06
61867850,-3.303964151e-06
62050351,-1.549638205e-06
62232852,-7.160787676e-06
62415353,-7.940744919e-06
62597854,-3.451314462e-06
62780355,-5.016417991e-06
62962856,-3.518331314e-06
63145357,-4.632282078e-06
63327858,-1.126002175e-05
63510359,-8.620203902e-06
63692860,-2.451732678e-06
63875361,-7.172613096e-07
64057862,-5.420960225e-06
64240363,-6.206734286e-06
64422864,-1.813380896e-06
64605365,-2.756582278e-06
64787866,-7.210304394e-08
64970367,-9.105803384e-06
65152868,-1.182581593e-05
65335369,-8.244926609e-06
65517870,-8.097792048e-07
65700371,-1.059319332e-06
65882872,-2.288681322e-06
66065373,-5.14406022e-06
66247874,-1.912686811e-06
66430375,-7.405288186e-07
66612876,-3.034428239e-06
66795377,-1.073861657e-05
66977878,-1.172435519e-05
67160379,-5.11903131e-06
67342880,-3.429866228e-06
67525381,-3.87045474e-06
67707882,-2.669083623e-06
67890383,-5.837411249e-06
68072884,-4.802234389e-06
68255385,-8.023048075e-07
68437886,-6.252978089e-06
68620387,-1.117490382e-05
68802888,-1.081097558e-05
68985389,-1.15728811e-06
69167890,-6.538665073e-06
69350391,-4.434741595e-06
69532892,-4.62362573e-06
69715393,-8.70191535e-06
69897894,-6.001701537e-06
70080395,-2.786054453e-06
70262896,-6.854369595e-06
70445397,-1.128430085e-05
70627898,-6.984164758e-06
70810399,-2.638333951e-06
70992900,-9.651595435e-06
71175401,-1.7064e-06
71357902,-7.059563536e-06
71540403,-1.101524117e-05
71722904,-5.916852389e-06
71905405,-3.36670408e-06
72087906,-6.822881019e-06
72270407,-9.465058932e-06
72452908,-3.806273112e-06
72635409,-5.864292077e-06
72817910,-7.753222151e-06
73000411,-1.925264362e-06
73182912,-1.102974612e-05
73365413,-1.124403674e-05
73547914,-6.084550706e-06
73730415,-1.984959305e-06
73912916,-6.195537453e-06
74095417,-5.79572593e-06
74277918,-9.130010231e-07
74460419,-6.845442e-06
74642920,-4.48485355e-06
74825421,-5.549469363e-06
75007922,-1.28759388e-05
75190423,-1.126302867e-05
75372924,-4.240557311e-06
75555425,-1.348858649e-06
75737926,-3.851370979e-06
75920427,-4.297171527e-06
76102928,-1.960558105e-07
76285429,-3.726051369e-06
76467930,-1.3538148e-06
76650431,-9.030386283e-06
76832932,-1.284140924e-05
77015433,-1.009439504e-05
77197934,-1.173694241e-06
77380435,-7.560065332e-07
77562936,-2.130480558e-06
77745437,-3.810283526e-06
77927938,-1.788377955e-06
78110439,-1.716927874e-06
78292940,-1.998370834e-06
78475441,-9.55281622e-06
78657942,-1.253573471e-05
78840443,-6.339788356e-06
79022944,-1.699982823e-06
79205445,-3.556718928e-06
79387946,-2.917591257e-06
79570447,-5.347889886e-06
79752948,-4.436693054e-06
79935449,-9.98317646e-08
80117950,-4.203373766e-06
80300451,-1.008327707e-05
80482952,-1.070885116e-05
80665453,-3.413604827e-06
80847954,-4.782537499e-06
81030455,-2.336056087e-06
81212956,-5.273727427e-06
81395457,-9.325384766e-06
81577958,-5.291348125e-06
81760459,-1.671621491e-06
81942960,-3.753304847e-06
82125461,-9.208881517e-06
82307962,-6.296803615e-06
82490463,-4.399411551e-07
82672964,-6.584557659e-06
82855465,-7.632407249e-08
83037966,-8.408532669e-06
83220467,-1.102761026e-05
83402968,-5.815809757e-06
83585469,-8.3980009e-07
83767970,-3.783305479e-06
83950471,-6.262700784e-06
84132972,-3.77914856e-06
84315473,-3.031519786e-06
84497974,-3.788009906e-06
84680475,-3.375171362e-06
84862976,-1.224335313e-05
85045477,-1.156491895e-05
85227978,-5.650519907e-06
85410479,-6.649856403e-07
85592980,-2.223619664e-06
85775481,-3.417491984e-06
85957982,-1.767355733e-06
86140483,-2.036897395e-06
86322984,-1.103662854e-06
86505485,-7.527948855e-06
86687986,-1.320550671e-05
86870487,-1.176334976e-05
87052988,-2.594818901e-06
87235489,-2.516096768e-06
87417990,-1.447756495e-06
87600491,-2.279168912e-06
87782992,-1.653458349e-06
87965493,-2.171824193e-07
88147994,-1.399879248e-06
88330495,-1.003528228e-05
88512996,-1.376115841e-05
88695497,-1.006100746e-05
88877998,-1.128226292e-07
89060499,-5.397312909e-06
89243000,-1.78997153e-06
89425501,-3.144212476e-06
89608002,-4.833851359e-06
89790503,-1.402635355e-06
89973004,-4.149561816e-06
90155505,-1.03915693e-05
90338006,-1.337851876e-05
90520507,-6.281216147e-06
90703008,-3.632773646e-06
90885509,-7.61152054e-06
91068010,-3.285783551e-07
91250511,-6.051479776e-06
91433012,-6.78277195e-06
91615513,-2.853575333e-06
91798014,-4.957460396e-06
91980515,-1.122199255e-05
92163016,-1.090514791e-05
92345517,-3.289123245e-06
92528018,-7.3097273e-06
92710519,-5.563789536e-06
92893020,-2.819620693e-06
93075521,-9.665681412e-06
93258022,-7.057798823e-06
93440523,-3.132076757e-06
93623024,-4.574951222e-06
93805525,-9.994889242e-06
93988026,-7.745500233e-06
94170527,-4.879398934e-07
94353028,-7.554934417e-06
94535529,-2.517495779e-06
94718030,-7.290966431e-06
94900531,-1.062351268e-05
95083032,-7.1285701e-06
95265533,-1.235545025e-06
95448034,-4.220893575e-06
95630535,-6.836245464e-06
95813036,-5.428326707e-06
95995537,-2.482538049e-06
96178038,-4.868171232e-06
96360539,-1.583968779e-06
96543040,-1.075001941e-05
96725541,-1.12622139e-05
96908042,-5.776798295e-06
97090543,-5.401120327e-08
97273044,-2.407430928e-06
97455545,-5.492155625e-06
97638046,-4.016831687e-06
97820547,-3.747007929e-07
98003048,-2.230586833e-06
98185549,-5.850794484e-06
98368050,-1.121672989e-05
98550551,-1.063637396e-05
98733052,-1.655354834e-06
98915553,-2.856307709e-06
99098054,-4.357281288e-07
99280555,-4.855107993e-06
99463056,-4.613736113e-06
99645557,-1.446112886e-06
99828058,-6.695275118e-07
100010559,-7.79214917e-06
100193060,-1.1871405e-05
100375561,-8.057818114e-06
100558062,-1.295125297e-06
100740563,-5.767976253e-06
100923064,-8.028867139e-07
101105565,-6.408473592e-06
101288066,-7.890177105e-06
101470567,-2.623045274e-06
101653068,-3.356500603e-06
101835569,-8.256662896e-06
102018070,-1.093214692e-05
102200571,-3.993892456e-06
102383072,-5.265025078e-06
102565573,-6.578095858e-06
102748074,-3.059752618e-06
102930575,-9.779355669e-06
103113076,-8.997143403e-06
103295577,-3.753974653e-06
103478078,-3.389279819e-06
103660579,-8.442634925e-06
103843080,-7.103767476e-06
104025581,-1.864902966e-07
104208082,-8.433239998e-06
104390583,-4.029624927e-06
104573084,-6.077191054e-06
104755585,-1.264639757e-05
104938086,-9.249818382e-06
105120587,-3.658250707e-06
105303088,-3.451572575e-06
105485589,-6.936704456e-06
105668090,-4.161686611e-06
105850591,-2.833978919e-06
106033092,-6.926117928e-06
106215593,-5.62691191e-07
106398094,-1.022664688e-05
106580595,-1.318033125e-05
106763096,-9.279007115e-06
106945597,-1.442676139e-06
107128098,-2.491363771e-06
107310599,-3.503421127e-06
107493100,-1.713650718e-06
107675601,-3.600502071e-06
107858102,-4.070651717e-06
108040603,-3.254897458e-06
108223104,-1.230993545e-05
108405605,-1.365914864e-05
108588106,-7.307735433e-06
108770607,-8.656619064e-08
108953108,-1.185251765e-07
109135609,-2.603079578e-06
109318110,-1.209485543e-06
109500611,-6.829483809e-07
109683112,-1.816051774e-06
109865613,-6.521667754e-06
110048114,-1.240345784e-05
110230615,-1.259847687e-05
110413116,-3.83018462e-06
110595617,-2.823182395e-06
110778118,-1.935507578e-06
110960619,-2.589284168e-06
111143120,-3.7953762e-06
111325621,-1.046441137e-06
111508122,-8.190523763e-07
111690623,-7.322662306e-06
111873124,-1.284754881e-05
112055625,-9.317870269e-06
112238126,-9.735006354e-07
112420627,-5.85125875e-06
112603128,-5.498222781e-07
112785629,-4.855731152e-06
112968130,-7.263274345e-06
113150631,-2.39504693e-06
113333132,-2.27056449e-06
113515633,-7.926673807e-06
113698134,-1.125323645e-05
113880635,-6.331817169e-06
114063136,-2.797337188e-06
114245637,-5.156219874e-06
114428138,-1.990480568e-06
114610639,-9.089785092e-06
114793140,-7.96054179e-06
114975641,-3.023333995e-06
115158142,-9.725912455e-07
115340643,-6.95945062e-06
115523144,-7.243307646e-06
115705645,-2.770006713e-06
115888146,-5.100240587e-06
116070647,-2.727065667e-06
116253148,-5.929429202e-06
116435649,-1.157157464e-05
116618150,-8.866126989e-06
116800651,-2.052655849e-06
116983152,-9.345083591e-07
117165653,-4.662912728e-06
117348154,-5.560835828e-06
117530655,-6.507280441e-07
117713156,-2.934602946e-06
117895657,-4.333376104e-07
118078158,-1.009103572e-05
118260659,-1.227047875e-05
118443160,-8.34747426e-06
118625661,-4.901049775e-07
118808162,-1.15922177e-06
118990663,-2.016784102e-06
119173164,-3.875279867e-06
119355665,-1.602247786e-06
119538166,-1.029478159e-06
119720667,-4.175500155e-06
119903168,-1.133640658e-05
120085669,-1.273907964e-05
120268170,-5.044363015e-06
120450671,-3.223617443e-06
120633172,-4.443402695e-06
120815673,-1.510233193e-06
120998174,-4.408672852e-06
121180675,-4.030874718e-06
121363176,-1.072342199e-06
121545677,-6.74222845e-06
121728178,-1.252869188e-05
121910679,-1.151555781e-05
122093180,-2.274132028e-06
122275681,-6.852373104e-06
122458182,-4.546279733e-06
122640683,-2.792735819e-06
122823184,-7.773064616e-06
123005685,-4.823875571e-06
123188186,-3.103235268e-06
123370687,-7.073948798e-06
123553188,-1.236706868e-05
123735689,-7.99024048e-06
123918190,-1.852825983e-06
124100691,-9.557236509e-06
124283192,-2.799165986e-06
124465693,-6.484153303e-06
124648194,-9.825045706e-06
124830695,-5.968190859e-06
125013196,-3.302191498e-06
125195697,-8.152342958e-06
125378198,-1.007002781e-05
125560699,-5.309882064e-06
125743200,-5.779621695e-06
125925701,-8.0573901e-06
126108202,-4.655738813e-07
126290703,-1.023027448e-05
126473204,-1.018286662e-05
126655705,-5.547367825e-06
126838206,-2.386201496e-06
127020707,-7.063405989e-06
127203208,-7.296512932e-06
127385709,-1.713517363e-06
127568210,-6.184687933e-06
127750711,-5.261481375e-06
127933212,-5.155078864e-06
128115713,-1.163218489e-05
128298214,-1.080557431e-05
128480715,-3.200442633e-06
128663216,-1.835203867e-06
128845717,-4.507107858e-06
129028218,-5.631976656e-06
129210719,-1.166342429e-07
129393220,-3.695825959e-06
129575721,-1.361346103e-06
129758222,-8.524496629e-06
129940723,-1.262588613e-05
130123224,-9.33018939e-06
130305725,-1.138957768e-06
130488226,-6.053763276e-07
130670727,-3.482365461e-06
130853228,-4.499008652e-06
131035729,-2.215867786e-06
131218230,-2.154651248e-06
131400731,-2.174271422e-06
131583232,-8.940019246e-06
131765733,-1.194723249e-05
131948234,-5.36149276e-06
132130735,-2.216305201e-06
132313236,-3.162741161e-06
132495737,-3.545723415e-06
132678238,-6.379517189e-06
132860739,-4.480749986e-06
133043240,-5.406459777e-07
133225741,-4.20758987e-06
133408242,-1.043664683e-05
133590743,-9.739391211e-06
133773244,-2.731587507e-06
133955745,-5.688084074e-06
134138246,-2.156284782e-06
134320747,-5.336165702e-06
134503248,-9.787200334e-06
134685749,-5.472694547e-06
134868250,-1.904930775e-06
135050751,-4.615192486e-06
135233252,-9.288395701e-06
135415753,-6.308142595e-06
135598254,-1.757552738e-06
135780755,-6.692521278e-06
135963256,-1.297460919e-07
136145757,-9.087465339e-06
136328258,-1.095541588e-05
136510759,-6.39830011e-06
136693260,-9.52529723e-07
136875761,-4.585205508e-06
137058262,-6.135254786e-06
137240763,-3.027555874e-06
137423264,-4.592516162e-06
137605765,-4.653169043e-06
137788266,-3.719745956e-06
137970767,-1.223308576e-05
138153268,-1.223853719e-05
138335769,-5.816419461e-06
138518270,-7.52232996e-07
138700771,-2.796877975e-06
138883272,-4.078171204e-06
139065773,-1.966682454e-07
139248274,-3.422278414e-06
139430775,-2.320791175e-06
139613276,-7.736480246e-06
139795777,-1.301669339e-05
139978278,-1.206192402e-05
140160779,-3.103726374e-06
140343280,-1.125888834e-06
140525781,-9.829442792e-09
140708282,-2.003505553e-06
140890783,-7.705467674e-07
141073284,-1.487346907e-06
141255785,-1.296996106e-06
141438286,-9.869292181e-06
141620787,-1.43639363e-05
141803288,-9.922824084e-06
141985789,-1.091507341e-06
142168290,-4.172682869e-06
142350791,-6.072504329e-07
142533292,-2.013723326e-06
142715793,-3.467845618e-06
142898294,-1.093265358e-07
143080795,-3.709053423e-06
143263296,-1.054750782e-05
143445797,-1.350252059e-05
143628298,-6.933176164e-06
143810799,-2.781609513e-06
143993300,-5.592477486e-06
144175801,-1.412485131e-07
144358302,-5.459729202e-06
144540803,-5.007967784e-06
144723304,-2.027236947e-06
144905805,-4.274049273e-06
145088306,-1.138850745e-05
145270807,-1.079331367e-05
145453308,-3.956180076e-06
145635809,-6.373494257e-06
145818310,-4.133127151e-06
146000811,-3.368758742e-06
146183312,-8.842713888e-06
146365813,-6.101726999e-06
146548314,-2.261103802e-06
146730815,-4.812078789e-06
146913316,-9.868614243e-06
147095817,-8.277954424e-06
147278318,-6.152069984e-08
147460819,-6.387710735e-06
147643320,-1.74185221e-06
147825821,-7.611796033e-06
148008322,-9.605490556e-06
148190823,-5.966801953e-06
148373324,-2.278561715e-07
148555825,-4.071538257e-06
148738326,-6.812597041e-06
148920827,-5.433971578e-06
149103328,-1.714698821e-06
149285829,-4.073100336e-06
149468330,-2.792284576e-06
149650831,-1.081167202e-05
149833332,-1.11840141e-05
150015833,-4.52984461e-06
150198334,-4.562695184e-07
150380835,-2.022173958e-06
150563336,-5.520694879e-06
150745837,-3.612493884e-06
150928338,-8.853396341e-08
151110839,-1.624023725e-06
151293340,-6.65137944e-06
151475841,-1.162720998e-05
151658342,-1.033104206e-05
151840843,-1.275689568e-06
152023344,-3.51851113e-06
152205845,-1.551210143e-07
152388346,-4.534519799e-06
152570847,-4.793260676e-06
152753348,-1.206505967e-06
152935849,-1.701343609e-06
153118350,-8.251126939e-06
153300851,-1.242263176e-05
153483352,-7.41496149e-06
153665853,-1.733408885e-06
153848354,-6.775258713e-06
154030855,-3.356967313e-07
154213356,-6.031220655e-06
154395857,-7.428152478e-06
154578358,-2.785223202e-06
154760859,-3.966045658e-06
154943360,-9.659168598e-06
155125861,-1.122375849e-05
155308362,-4.522405723e-06
155490863,-6.069591811e-06
155673364,-6.867308555e-06
155855865,-1.988678951e-06
156038366,-9.568378856e-06
156220867,-8.169936872e-06
156403368,-3.900130567e-06
156585869,-3.799990563e-06
156768370,-9.679854285e-06
156950871,-7.846012637e-06
157133372,-3.338546521e-07
157315873,-8.801807959e-06
157498374,-4.754312779e-06
157680875,-5.783599882e-06
157863376,-1.189866645e-05
158045877,-9.295726317e-06
158228378,-3.392196216e-06
158410879,-4.606470021e-06
158593380,-7.789104666e-06
158775881,-5.524532378e-06
158958382,-3.445769459e-06
159140883,-7.440152952e-06
159323384,-1.738499405e-06
159505885,-9.571351901e-06
159688386,-1.229436626e-05
159870887,-8.756902144e-06
160053388,-1.71916108e-06
160235889,-3.338505606e-06
160418390,-5.34697985e-06
160600891,-2.687429538e-06
160783392,-3.378392998e-06
160965893,-5.142925143e-06
161148394,-3.066130215e-06
161330895,-1.13029032e-05
161513396,-1.31995811e-05
161695897,-6.3585358e-06
161878398,-5.675506755e-07
162060899,-7.628230802e-07
162243400,-4.109256912e-06
162425901,-2.004313073e-06
162608402,-1.04530387e-06
162790903,-2.283941176e-06
162973404,-6.034560138e-06
163155905,-1.227360741e-05
163338406,-1.167384137e-05
163520907,-3.753702579e-06
163703408,-2.603056079e-06
163885909,-1.904307544e-07
164068410,-3.519079985e-06
164250911,-4.421927729e-06
164433412,-1.971515955e-07
164615913,-3.743614455e-07
164798414,-6.499359444e-06
164980915,-1.219040553e-05
165163416,-8.338968084e-06
165345917,-2.403299907e-07
165528418,-4.958167145e-06
165710919,-8.083374653e-07
165893420,-6.354783998e-06
166075921,-7.259538509e-06
166258422,-2.626358047e-06
166440923,-1.732250055e-06
166623424,-7.922737763e-06
166805925,-1.020638254e-05
166988426,-5.682641073e-06
167170927,-3.836162326e-06
167353428,-4.321401291e-06
167535929,-3.001540484e-06
167718430,-9.908409911e-06
167900931,-8.093849595e-06
168083432,-2.908516666e-06
168265933,-1.308067416e-06
168448434,-6.5216077e-06
168630935,-6.938290824e-06
168813436,-1.570519279e-06
168995937,-5.092073462e-06
169178438,-2.464869924e-06
169360939,-7.332438277e-06
169543440,-1.173197642e-05
169725941,-9.233723741e-06
169908442,-1.466090257e-06
170090943,-1.287095689e-06
170273444,-3.773585226e-06
170455945,-4.554207592e-06
170638446,-4.440065476e-07
170820947,-3.319662651e-06
171003448,-1.223063098e-06
171185949,-1.075231907e-05
171368450,-1.332330914e-05
171550951,-8.294727483e-06
171733452,-2.316298816e-07
171915953,-1.17016254e-06
172098454,-2.022209e-06
172280955,-2.236335624e-06
172463456,-8.78778603e-07
172645957,-1.719266123e-06
172828458,-4.856943032e-06
173010959,-1.162140508e-05
173193460,-1.339250957e-05
173375961,-5.377763559e-06
173558462,-2.748112112e-06
173740963,-3.889330287e-06
173923464,-1.035250117e-06
174105965,-3.57854503e-06
174288466,-2.771694556e-06
174470967,-1.320279955e-06
174653468,-6.914372554e-06
174835969,-1.331276428e-05
175018470,-1.157581358e-05
175200971,-3.012178319e-06
175383472,-6.797160375e-06
175565973,-4.154402911e-06
175748474,-1.85427445e-06
175930975,-6.631206222e-06
176113476,-3.664850221e-06
176295977,-2.828263141e-06
176478478,-7.722016809e-06
176660979,-1.268461697e-05
176843480,-8.897735603e-06
177025981,-1.256493002e-06
177208482,-8.374008109e-06
177390983,-2.823862645e-06
177573484,-6.197641734e-06
177755985,-8.528940525e-06
177938486,-5.153322309e-06
178120987,-2.669136309e-06
178303488,-8.65818258e-06
178485989,-1.028912464e-05
178668490,-5.872084512e-06
178850991,-4.973335092e-06
179033492,-7.204187523e-06
179215993,-8.010698964e-07
179398494,-9.624172995e-06
179580995,-9.648777174e-06
179763496,-4.408038053e-06
179945997,-2.524122982e-06
180128498,-7.082447243e-06
180310999,-8.140381578e-06
180493500,-1.877998832e-06
180676001,-5.346596236e-06
180858502,-4.914941835e-06
181041003,-5.378340836e-06
181223504,-1.074347727e-05
181406005,-9.811360101e-06
181588506,-2.18503447e-06
181771007,-1.447062155e-06
181953508,-4.953474795e-06
182136009,-6.073049781e-06
182318510,-1.155799554e-06
182501011,-3.360497042e-06
182683512,-2.459125883e-08
182866013,-8.665366517e-06
183048514,-1.248500086e-05
183231015,-7.966908756e-06
183413516,-4.251938029e-07
183596017,-1.36412192e-06
183778518,-3.810685787e-06
183961019,-4.754469408e-06
184143520,-2.787585569e-06
184326021,-1.679428956e-06
184508522,-3.164830462e-06
184691023,-9.649527612e-06
184873524,-1.142679812e-05
185056025,-4.49426878e-06
185238526,-3.524794797e-06
185421027,-3.059119092e-06
185603528,-3.417652058e-06
185786029,-7.075994001e-06
185968530,-4.390723704e-06
186151031,-1.282868781e-06
186333532,-4.805592819e-06
186516033,-1.11604159e-05
186698534,-8.913542953e-06
186881035,-1.308168553e-06
187063536,-7.06460384e-06
187246037,-2.241828177e-06
187428538,-5.632546503e-06
187611039,-9.956195018e-06
187793540,-5.85532852e-06
187976041,-2.494463074e-06
188158542,-6.101620021e-06
188341043,-9.848777938e-06
188523544,-6.06219375e-06
188706045,-3.662395459e-06
188888546,-7.677672991e-06
189071047,-3.057900083e-07
189253548,-9.526116939e-06
189436049,-1.073766063e-05
189618550,-6.529853343e-06
189801051,-1.680437557e-06
189983552,-6.021646899e-06
190166053,-6.723994837e-06
190348554,-2.429144032e-06
190531055,-6.352499047e-06
190713556,-5.763548492e-06
190896057,-4.116937035e-06
191078558,-1.233050054e-05
191261059,-1.221761564e-05
191443560,-5.588435736e-06
191626061,-1.949011575e-06
191808562,-3.98900089e-06
191991063,-4.59144872e-06
192173564,-1.0048598e-06
192356065,-5.180156656e-06
192538566,-3.204011005e-06
192721067,-7.9444106e-06
192903568,-1.315748411e-05
193086069,-1.17760332e-05
193268570,-3.306595348e-06
193451071,-1.354783862e-07
193633572,-1.832762768e-06
193816073,-2.234654984e-06
193998574,-2.478118304e-07
194181075,-2.923396633e-06
194363576,-1.099478955e-06
194546077,-9.811219537e-06
194728578,-1.441993148e-05
194911079,-9.438291374e-06
195093580,-1.20889707e-06
195276081,-2.871864957e-06
195458582,-9.195271722e-07
195641083,-2.118334139e-06
195823584,-2.250428718e-06
196006085,-9.011678545e-07
196188586,-3.449250189e-06
196371087,-1.08500447e-05
196553588,-1.304669506e-05
196736089,-6.842639678e-06
196918590,-2.872477865e-06
197101091,-4.028321743e-06
197283592,-1.059219024e-06
197466093,-5.510476759e-06
197648594,-3.688120177e-06
197831095,-1.265913494e-06
198013596,-4.126888816e-06
198196097,-1.123222753e-05
198378598,-1.041446447e-05
198561099,-3.496386738e-06
198743600,-5.59425942e-06
198926101,-3.049156586e-06
199108602,-4.881476012e-06
199291103,-8.762648411e-06
199473604,-5.745487632e-06
199656105,-1.489675575e-06
199838606,-5.157106433e-06
200021107,-9.170861369e-06
200203608,-7.829168821e-06
200386109,-9.405508637e-07
200568610,-5.683483995e-06
200751111,-8.25848308e-07
200933612,-8.59562691e-06
201116113,-9.790899176e-06
201298614,-5.471910985e-06
201481115,-1.43356166e-07
201663616,-3.750726846e-06
201846117,-6.690868749e-06
202028618,-4.213948216e-06
202211119,-1.858819476e-06
202393620,-3.877867035e-06
202576121,-4.280534346e-06
202758622,-1.109521451e-05
202941123,-1.168843411e-05
203123624,-3.85288242e-06
203306125,-5.685426794e-07
203488626,-1.198616166e-06
203671127,-4.834597869e-06
203853628,-2.464653159e-06
204036129,-5.293892879e-07
204218630,-6.977538101e-07
204401131,-7.73319175e-06
204583632,-1.285430065e-05
204766133,-1.059824132e-05
204948634,-1.785496349e-06
205131135,-3.996951541e-06
205313636,-5.641615401e-07
205496137,-3.021530066e-06
205678638,-4.230882366e-06
205861139,-3.923030987e-07
206043640,-2.544565602e-06
206226141,-8.914619615e-06
206408642,-1.335609442e-05
206591143,-7.781710314e-06
206773644,-1.53070607e-06
206956145,-6.903424787e-06
207138646,-9.595346512e-07
207321147,-5.286146859e-06
207503648,-6.501781013e-06
207686149,-2.969254053e-06
207868650,-4.254363444e-06
208051151,-1.099096562e-05
208233652,-1.174619793e-05
208416153,-5.292720846e-06
208598654,-6.395304547e-06
208781155,-7.438801444e-06
208963656,-3.61089556e-07
209146157,-8.543519368e-06
209328658,-7.527411327e-06
209511159,-3.817921352e-06
209693660,-4.793380167e-06
209876161,-1.064127236e-05
210058662,-9.51937873e-06
210241163,-8.689345058e-07
210423664,-8.580912064e-06
210606165,-5.726395604e-06
210788666,-5.143264207e-06
210971167,-1.059188224e-05
211153668,-8.974380618e-06
211336169,-2.957863354e-06
211518670,-5.373755348e-06
211701171,-8.501608571e-06
211883672,-6.74988718e-06
212066173,-2.985520261e-06
212248674,-8.089663623e-06
212431175,-1.995237114e-06
212613676,-8.662346306e-06
212796177,-1.199768177e-05
212978678,-7.877700698e-06
213161179,-2.215300481e-06
213343680,-3.675534319e-06
213526181,-6.73898026e-06
213708682,-3.195435523e-06
213891183,-2.994564159e-06
214073684,-6.11765387e-06
214256185,-2.760159026e-06
214438686,-1.053102586e-05
214621187,-1.255890675e-05
214803688,-5.669134785e-06
214986189,-5.826825166e-07
215168690,-1.916647239e-06
215351191,-4.894750259e-06
215533692,-3.202559266e-06
215716193,-1.167467902e-06
215898694,-1.933322583e-06
216081195,-5.605877182e-06
216263696,-1.241658653e-05
216446197,-1.055590692e-05
216628698,-3.310787084e-06
216811199,-3.185992099e-06
216993700,-7.795420574e-07
217176201,-3.826956044e-06
217358702,-4.926979966e-06
217541203,-1.296884355e-07
217723704,-5.223305865e-07
217906205,-6.81048079e-06
218088706,-1.173564293e-05
218271207,-8.033170493e-06
218453708,-9.035339461e-07
218636209,-4.747132785e-06
218818710,-1.019025847e-06
219001211,-7.350153983e-06
219183712,-6.980038344e-06
219366213,-3.031793033e-06
219548714,-1.77547133e-06
219731215,-8.409790976e-06
219913716,-9.464017124e-06
220096217,-4.96964116e-06
220278718,-5.105896121e-06
220461219,-4.586858193e-06
220643720,-3.656465303e-06
220826221,-1.044194704e-05
221008722,-8.700518099e-06
221191223,-3.147347661e-06
221373724,-2.586613975e-06
221556225,-6.891025957e-06
221738726,-6.846520015e-06
221921227,-3.142957662e-08
222103728,-6.050446925e-06
222286229,-3.203919097e-06
222468730,-7.868162927e-06
222651231,-1.177829608e-05
222833732,-9.526415462e-06
223016233,-1.788517822e-06
223198734,-2.358720433e-06
223381235,-4.666239111e-06
223563736,-3.737574866e-06
223746237,-1.856277669e-06
223928738,-4.677849895e-06
224111239,-1.38951354e-06
224293740,-1.085710876e-05
224476241,-1.390504561e-05
224658742,-8.316281442e-06
224841243,-1.088413814e-06
225023744,-1.223082557e-07
225206245,-2.668677829e-06
225388746,-8.536842143e-07
225571247,-1.073343295e-06
225753748,-2.88535156e-06
225936249,-5.007911945e-06
226118750,-1.22041205e-05
226301251,-1.368786376e-05
226483752,-6.250180468e-06
226666253,-1.660396564e-06
226848754,-2.153032835e-06
227031255,-1.053267369e-06
227213756,-2.495167191e-06
227396257,-6.055536795e-07
227578758,-6.418823974e-07
227761259,-6.855134383e-06
227943760,-1.371801267e-05
228126261,-1.155748634e-05
228308762,-3.672053038e-06
228491263,-5.394582843e-06
228673764,-3.16859553e-06
228856265,-1.798476873e-06
229038766,-5.045647046e-06
229221267,-2.350607813e-06
229403768,-2.031122405e-06
229586269,-8.32168468e-06
229768770,-1.278615831e-05
229951271,-9.465151953e-06
230133772,-8.270161973e-07
230316273,-6.707551727e-06
230498774,-2.386302622e-06
230681275,-5.750758526e-06
230863776,-6.975536833e-06
231046277,-3.914624327e-06
231228778,-2.193654739e-06
231411279,-8.984208352e-06
231593780,-1.08068078e-05
231776281,-6.18104016e-06
231958782,-4.004307367e-06
232141283,-6.022827571e-06
232323784,-1.858863549e-06
232506285,-8.952821481e-06
232688786,-8.914312255e-06
232871287,-3.066034866e-06
233053788,-2.555567964e-06
233236289,-6.969357625e-06
233418790,-8.570128289e-06
233601291,-1.771795819e-06
233783792,-4.817747623e-06
233966293,-4.120220789e-06
234148794,-6.045648749e-06
234331295,-1.0384609e-05
234513796,-8.705179579e-06
234696297,-1.460698282e-06
234878798,-1.290844044e-06
235061299,-5.297867734e-06
235243800,-6.039363013e-06
235426301,-1.501538833e-06
235608802,-3.38545024e-06
235791303,-1.109580727e-06
235973804,-9.119197491e-06
236156305,-1.247773189e-05
236338806,-6.74467931e-06
236521307,-1.260698412e-07
236703808,-1.591123715e-06
236886309,-3.804142492e-06
237068810,-4.535993807e-06
237251311,-2.676047715e-06
237433812,-1.261696206e-06
237616313,-4.20765801e-06
237798814,-1.07821915e-05
237981315,-1.146403485e-05
238163816,-4.061130959e-06
238346317,-4.290269392e-06
238528818,-3.037304335e-06
238711319,-2.781025844e-06
238893820,-6.701556911e-06
239076321,-3.693205795e-06
239258822,-1.682052443e-06
239441323,-5.616604147e-06
239623824,-1.200252651e-05
239806325,-9.134944069e-06
239988826,-7.099643485e-07
240171327,-7.662238934e-06
240353828,-2.65138457e-06
240536329,-5.31647877e-06
240718830,-9.219578367e-06
240901331,-5.675884975e-06
241083832,-2.84885376e-06
241266333,-7.461805676e-06
241448834,-1.063278243e-05
241631335,-6.638570619e-06
241813836,-4.373493002e-06
241996337,-8.51800426e-06
242178838,-1.134753796e-06
242361339,-9.076082554e-06
242543840,-1.004608966e-05
242726341,-6.121378461e-06
242908842,-2.604932124e-06
243091343,-7.404470202e-06
243273844,-8.257732084e-06
243456345,-2.744167492e-06
243638846,-6.58071051e-06
243821347,-6.991246832e-06
244003848,-3.691150686e-06
244186349,-1.154561078e-05
244368850,-1.165087273e-05
244551351,-4.829639883e-06
244733852,-2.876242059e-06
244916353,-5.383180878e-06
245098854,-5.851832901e-06
245281355,-8.70244811e-07
245463856,-6.226277831e-06
245646357,-3.962637755e-06
245828858,-7.253009632e-06
246011359,-1.284305101e-05
246193860,-1.0942248e-05
246376361,-3.343263905e-06
246558862,-1.030502623e-06
246741363,-4.015991042e-06
246923864,-3.263334943e-06
247106365,-3.270090024e-07
247288866,-4.376300191e-06
247471367,-7.23087055e-07
247653868,-9.083755549e-06
247836369,-1.387396337e-05
248018870,-8.635923932e-06
248201371,-1.195420864e-06
248383872,-1.463451238e-06
248566373,-2.794653436e-06
248748874,-3.49554706e-06
248931375,-1.514631846e-06
249113876,-1.420561207e-06
249296377,-2.976925334e-06
249478878,-1.077468458e-05
249661379,-1.201365574e-05
249843880,-6.241533891e-06
250026381,-3.116086448e-06
250208882,-2.538369691e-06
250391383,-2.211526742e-06
250573884,-6.160112044e-06
250756385,-2.848459874e-06
250938886,-5.641092597e-07
251121387,-4.086409063e-06
251303888,-1.091503628e-05
251486389,-9.81492164e-06
251668890,-2.632418387e-06
251851391,-4.982149943e-06
252033892,-1.814742416e-06
252216393,-6.222206202e-06
252398894,-8.852595982e-06
252581395,-5.456045486e-06
252763896,-7.638274086e-07
252946397,-5.369740797e-06
253128898,-8.565597877e-06
253311399,-6.983738151e-06
253493900,-1.879241743e-06
253676401,-5.214389476e-06
253858902,-5.744471638e-07
254041403,-9.5043824e-06
254223904,-1.029299911e-05
254406405,-5.110827236e-06
254588906,-3.776105113e-07
254771407,-3.733269812e-06
254953908,-6.379241614e-06
255136409,-2.969863243e-06
255318910,-2.733241061e-06
255501411,-3.886468378e-06
255683912,-5.378392793e-06
255866413,-1.147931484e-05
256048914,-1.171646303e-05
256231415,-3.655286613e-06
256413916,-2.96589746e-07
256596417,-1.489912433e-06
256778918,-4.174728691e-06
256961419,-1.597644269e-06
257143920,-1.656711912e-06
257326421,-1.886974183e-07
257508922,-8.505728281e-06
257691423,-1.366338991e-05
257873924,-1.047725834e-05
258056425,-2.066315784e-06
258238926,-3.552614304e-06
258421427,-3.548958652e-07
258603928,-1.966130525e-06
258786429,-3.018961654e-06
258968930,-5.561115986e-07
259151431,-2.8085386e-06
259333932,-9.966707707e-06
259516433,-1.387819566e-05
259698934,-8.344596818e-06
259881435,-1.352447973e-06
260063936,-5.623440312e-06
260246437,-1.218608341e-06
260428938,-4.394184039e-06
260611439,-4.910397175e-06
260793940,-2.231846669e-06
260976441,-4.134012364e-06
261158942,-1.173626111e-05
261341443,-1.203940579e-05
261523944,-5.705675408e-06
261706445,-5.86172741e-06
261888946,-6.63961242e-06
262071447,-3.177807532e-07
262253948,-7.275713331e-06
262436449,-6.484784273e-06
262618950,-2.931218944e-06
262801451,-5.422812699e-06
262983952,-1.102988253e-05
263166453,-1.045618107e-05
263348954,-1.304472336e-06
263531455,-7.580572778e-06
263713956,-5.559368683e-06
263896457,-5.104171113e-06
264078958,-9.232343706e-06
264261459,-7.727023698e-06
264443960,-2.292209382e-06
264626461,-5.788716847e-06
264808962,-9.212366306e-06
264991463,-7.470135549e-06
265173964,-1.739779241e-06
265356465,-7.517513702e-06
265538966,-1.219724203e-06
265721467,-8.208575097e-06
265903968,-1.122564602e-05
266086469,-6.21038353e-06
266268970,-1.72204657e-06
266451471,-3.632763126e-06
266633972,-7.316860164e-06
266816473,-3.571914391e-06
266998974,-2.207789656e-06
267181475,-5.633295908e-06
267363976,-3.1832588e-06
267546477,-1.039560086e-05
267728978,-1.163932857e-05
267911479,-4.640522128e-06
268093980,-7.40793855e-08
268276481,-2.568548432e-06
268458982,-5.439047166e-06
268641483,-4.002420534e-06
268823984,-9.026150563e-07
269006485,-1.070066975e-06
269188986,-5.759719539e-06
269371487,-1.233761632e-05
269553988,-9.412702059e-06
269736489,-2.081030723e-06
269918990,-3.765819627e-06
270101491,-1.12212875e-06
270283992,-4.761647699e-06
270466493,-5.366866472e-06
270648994,-8.050578768e-07
270831495,-1.154087658e-06
271013996,-7.727824772e-06
271196497,-1.132305939e-05
271378998,-7.217054876e-06
271561499,-2.423526174e-06
271744000,-5.291369234e-06
271926501,-8.712820776e-07
272109002,-7.926363338e-06
272291503,-6.987325657e-06
272474004,-3.201962236e-06
272656505,-2.54514445e-06
272839006,-9.077639859e-06
273021507,-9.502354525e-06
273204008,-3.783505014e-06
273386509,-5.885373179e-06
273569010,-5.329673152e-06
273751511,-4.203396421e-06
273934012,-1.057803514e-05
274116513,-9.234148535e-06
274299014,-3.104142461e-06
274481515,-3.769074234e-06
274664016,-7.375020537e-06
274846517,-6.860780376e-06
275029018,-1.462579697e-06
275211519,-7.274885707e-06
275394020,-3.539106595e-06
275576521,-7.908554605e-06
275759022,-1.223262783e-05
275941523,-9.514401124e-06
276124024,-2.680528456e-06
276306525,-3.14610706e-06
276489026,-6.033496738e-06
276671527,-3.299609283e-06
276854028,-2.905760653e-06
277036529,-6.235369612e-06
277219030,-1.363151738e-06
277401531,-1.039215323e-05
277584032,-1.399107306e-05
277766533,-7.933388656e-06
277949034,-1.735350559e-06
278131535,-8.691652112e-07
278314036,-3.566057194e-06
278496537,-7.495084694e-07
278679038,-2.533617993e-06
278861539,-3.490459452e-06
279044040,-4.724294201e-06
279226541,-1.266950528e-05
279409042,-1.33113007e-05
279591543,-6.632776684e-06
279774044,-1.133368644e-06
279956545,-4.334974934e-07
280139046,-1.290185814e-06
280321547,-2.37931232e-06
280504048,-1.00505457e-06
280686549,-5.090157952e-08
280869050,-6.581049546e-06
281051551,-1.370710306e-05
281234052,-1.136673477e-05
281416553,-3.627222312e-06
281599054,-3.983865649e-06
281781555,-1.742258373e-06
281964056,-2.706168296e-06
282146557,-4.416819895e-06
282329058,-1.587619132e-06
282511559,-1.085590505e-06
282694060,-8.328096056e-06
282876561,-1.210430523e-05
283059062,-9.148432137e-06
283241563,-1.283667637e-06
283424064,-5.466619241e-06
283606565,-1.223263125e-06
283789066,-6.251031957e-06
283971567,-6.453608174e-06
284154068,-3.126690313e-06
284336569,-2.070431078e-06
284519070,-8.698369674e-06
284701571,-1.078108922e-05
284884072,-5.675691883e-06
285066573,-3.680380008e-06
285249074,-5.022629023e-06
285431575,-3.432282183e-06
285614076,-9.066331049e-06
285796577,-8.645238971e-06
285979078,-2.125202408e-06
286161579,-2.369549325e-06
286344080,-6.370705992e-06
286526581,-7.921845104e-06
286709082,-1.352791411e-06
286891583,-4.689518065e-06
287074084,-2.728797089e-06
287256585,-7.108787768e-06
287439086,-1.117653938e-05
287621587,-8.185942482e-06
287804088,-1.221481829e-06
287986589,-8.111295253e-07
288169090,-4.836849052e-06
288351591,-4.775195298e-06
288534092,-1.123493235e-06
288716593,-3.423930416e-06
288899094,-2.138573953e-06
289081595,-9.851269956e-06
289264096,-1.299263603e-05
289446597,-6.496507314e-06
289629098,-6.125394941e-07
289811599,-1.593165827e-06
289994100,-2.766777773e-06
290176601,-3.977988932e-06
290359102,-2.082467354e-06
290541603,-3.831859398e-07
290724104,-4.991245226e-06
290906605,-1.215698473e-05
291089106,-1.172507879e-05
291271607,-4.333124385e-06
291454108,-5.034938834e-06
291636609,-3.550333219e-06
291819110,-1.529496063e-06
292001611,-5.773461584e-06
292184112,-3.179838405e-06
292366613,-2.034060058e-06
292549114,-6.841695569e-06
292731615,-1.274698166e-05
292914116,-1.017334761e-05
293096617,-6.717396379e-07
293279118,-7.680895927e-06
293461619,-3.903135936e-06
293644120,-4.799884232e-06
293826621,-7.970791368e-06
294009122,-5.502905703e-06
294191623,-2.702617461e-06
294374124,-8.633033585e-06
294556625,-1.106627477e-05
294739126,-7.443593798e-06
294921627,-4.390749468e-06
295104128,-9.081423631e-06
295286629,-1.946765159e-06
295469130,-8.183776675e-06
295651631,-9.962115277e-06
295834132,-5.616807293e-06
296016633,-3.551680867e-06
296199134,-8.152525167e-06
296381635,-9.796873408e-06
296564136,-2.970012868e-06
296746637,-6.199933034e-06
296929138,-8.074010899e-06
297111639,-3.039710547e-06
297294140,-1.039435934e-05
297476641,-1.124524457e-05
297659142,-4.283055522e-06
297841643,-3.269277617e-06
298024144,-6.501730449e-06
298206645,-6.925818029e-06
298389146,-2.755047306e-09
298571647,-6.495516181e-06
298754148,-3.995222061e-06
298936649,-6.33374055e-06
299119150,-1.255031126e-05
299301651,-9.87555893e-06
299484152,-3.304516444e-06
299666653,-8.617260007e-07
299849154,-5.04281877e-06
300031655,-3.833934108e-06
300214156,-1.917284704e-07
300396657,-4.797005783e-06
300579158,-5.916142833e-07
300761659,-8.956136663e-06
300944160,-1.321809578e-05
301126661,-8.421438999e-06
301309162,-7.900630231e-07
301491663,-6.435860743e-07
301674164,-3.323525635e-06
301856665,-4.747658704e-06
302039166,-1.567894292e-06
302221667,-1.227464827e-06
302404168,-2.704907851e-06
302586669,-1.075615493e-05
302769170,-1.102693857e-05
302951671,-5.393681372e-06
303134172,-3.666721982e-06
303316673,-2.280745047e-06
303499174,-3.035939104e-06
303681675,-6.68698242e-06
303864176,-3.555206628e-06
304046677,-5.067351166e-07
304229178,-4.756604673e-06
304411679,-1.055551626e-05
304594180,-9.468075259e-06
304776681,-1.096103455e-06
304959182,-5.350223884e-06
305141683,-1.881285384e-06
305324184,-6.837755132e-06
305506685,-8.978800176e-06
305689186,-5.828186734e-06
305871687,-1.052560279e-06
306054188,-5.781740844e-06
306236689,-8.830806697e-06
306419190,-5.988700881e-06
306601691,-2.81466166e-06
306784192,-6.093068446e-06
306966693,-1.47855268e-06
307149194,-9.835233839e-06
307331695,-1.122129532e-05
307514196,-5.187520478e-06
307696697,-1.429905644e-06
307879198,-3.949611579e-06
308061699,-6.349343272e-06
308244200,-1.384694274e-06
308426701,-4.316623781e-06
308609202,-4.716527716e-06
308791703,-5.697419655e-06
308974204,-1.218840626e-05
309156705,-1.197180893e-05
309339206,-4.462036997e-06
309521707,-5.47347478e-07
309704208,-2.691384557e-06
309886709,-3.293177959e-06
310069210,-5.368239918e-07
310251711,-3.626845088e-06
310434212,-3.731706667e-07
310616713,-8.363837645e-06
310799214,-1.435283568e-05
310981715,-1.041650539e-05
311164216,-2.83170071e-06
311346717,-2.453709321e-06
311529218,-4.277459998e-07
311711719,-1.119030534e-06
311894220,-1.254405451e-06
312076721,-1.381989708e-06
312259222,-2.491088007e-06
312441723,-1.082322649e-05
312624224,-1.419756831e-05
312806725,-9.262388573e-06
312989226,-8.132453674e-07
313171727,-4.016139839e-06
313354228,-1.176503728e-06
313536729,-3.287972751e-06
313719230,-2.836459377e-06
313901731,-1.334366735e-06
314084232,-3.925455633e-06
314266733,-1.211795173e-05
314449234,-1.252300763e-05
314631735,-6.236874549e-06
314814236,-4.683432482e-06
314996737,-5.528780013e-06
315179238,-6.441366931e-07
315361739,-5.955500738e-06
315544240,-5.189453606e-06
315726741,-1.799536096e-06
315909242,-5.80607051e-06
316091743,-1.107735273e-05
316274244,-1.089046397e-05
316456745,-1.579971264e-06
316639246,-6.513780205e-06
316821747,-4.857038022e-06
317004248,-5.103886956e-06
317186749,-8.493025323e-06
317369250,-6.376328103e-06
317551751,-1.883405146e-06
317734252,-6.090574496e-06
317916753,-9.912459873e-06
318099254,-7.552892159e-06
318281755,-1.10902436e-06
318464256,-6.735207223e-06
318646757,-3.109301592e-07
318829258,-8.153992067e-06
319011759,-1.059929879e-05
319194260,-4.795046888e-06
319376761,-1.174550789e-06
319559262,-3.775055487e-06
319741763,-7.537263267e-06
319924264,-3.586469678e-06
320106765,-2.258348807e-06
320289266,-4.660211623e-06
320471767,-3.966073862e-06
320654268,-1.080880427e-05
320836769,-1.084139631e-05
321019270,-3.834949848e-06
321201771,-6.990201805e-07
321384272,-2.925750692e-06
321566773,-5.330805758e-06
321749274,-3.807058762e-06
321931775,-1.28676864e-06
322114276,-2.048143365e-07
322296777,-6.785934684e-06
322479278,-1.262527634e-05
322661779,-8.987852972e-06
322844280,-1.123179466e-06
323026781,-3.838150133e-06
323209282,-9.750723355e-07
323391783,-4.85169947e-06
323574284,-4.843005046e-06
323756785,-8.62765545e-07
323939286,-2.025372776e-06
324121787,-9.213177776e-06
324304288,-1.161609921e-05
324486789,-6.790847276e-06
324669290,-3.569670568e-06
324851791,-5.573563362e-06
325034292,-3.577453214e-07
325216793,-7.412804674e-06
325399294,-6.403348248e-06
325581795,-2.937231891e-06
325764296,-3.756110551e-06
325946797,-1.045924839e-05
326129298,-1.032897316e-05
326311799,-3.091602707e-06
326494300,-6.675440639e-06
326676801,-5.955781851e-06
326859302,-3.83239072e-06
327041803,-9.799499552e-06
327224304,-8.621140666e-06
327406805,-2.919111602e-06
327589306,-5.222541965e-06
327771807,-8.923254131e-06
327954308,-7.795372086e-06
328136809,-2.142764599e-06
328319310,-8.509320507e-06
328501811,-3.931738891e-06
328684312,-7.549444196e-06
328866813,-1.172517212e-05
329049314,-8.756515671e-06
329231815,-3.003444229e-06
329414316,-4.781588321e-06
329596817,-7.814769805e-06
329779318,-4.06361375e-06
329961819,-3.896288126e-06
330144320,-7.839985389e-06
330326821,-1.060439501e-06
330509322,-9.966628626e-06
330691823,-1.325074301e-05
330874324,-7.045715527e-06
331056825,-2.189783566e-06
331239326,-2.83740419e-06
331421827,-5.333592372e-06
331604328,-1.208215406e-06
331786829,-3.917161342e-06
331969330,-4.739244236e-06
332151831,-4.476998513e-06
332334332,-1.245938826e-05
332516833,-1.248618411e-05
332699334,-5.843738625e-06
332881835,-3.285281891e-07
333064336,-1.856788003e-06
333246837,-2.865591263e-06
333429338,-2.146831856e-06
333611839,-2.333752074e-06
333794340,-8.640228101e-07
333976841,-6.668120054e-06
334159342,-1.348123933e-05
334341843,-1.065117706e-05
334524344,-2.848913165e-06
334706845,-2.776067503e-06
334889346,-5.225456311e-07
335071847,-3.824470068e-06
335254348,-3.890052335e-06
335436849,-3.461834236e-07
335619350,-7.297341602e-07
335801851,-8.427331306e-06
335984352,-1.160848524e-05
336166853,-8.123278827e-06
336349354,-1.978196815e-06
336531855,-4.324389405e-06
336714356,-7.56003931e-07
336896857,-6.881533194e-06
337079358,-5.839664884e-06
337261859,-2.002078641e-06
337444360,-2.30622306e-06
337626861,-8.783300183e-06
337809362,-1.03054025e-05
337991863,-4.552228834e-06
338174364,-4.035228443e-06
338356865,-3.896207942e-06
338539366,-5.015175422e-06
338721867,-9.56352385e-06
338904368,-7.962634994e-06
339086869,-1.476594455e-06
339269370,-2.836047684e-06
339451871,-6.674861345e-06
339634372,-7.13964538e-06
339816873,-2.559953905e-07
339999374,-5.093899853e-06
340181875,-1.444686306e-06
340364376,-8.250544173e-06
340546877,-1.166850197e-05
340729378,-7.523845338e-06
340911879,-9.637132757e-07
341094380,-1.286916097e-06
341276881,-5.143510144e-06
341459382,-3.505089758e-06
341641883,-3.638439706e-07
341824384,-3.879499092e-06
342006885,-3.210084619e-06
342189386,-1.075443081e-05
342371887,-1.324447167e-05
342554388,-6.194858829e-06
342736889,-6.064424616e-07
342919390,-6.542567034e-07
343101891,-2.731505142e-06
343284392,-2.707647124e-06
343466893,-3.174889689e-07
343649394,-5.933228707e-07
343831895,-6.00982443e-06
344014396,-1.309346456e-05
344196897,-1.191241112e-05
344379398,-4.334037269e-06
344561899,-4.479083711e-06
344744400,-2.600722479e-06
344926901,-1.104348708e-06
345109402,-4.353288234e-06
345291903,-1.542936974e-06
345474404,-1.894101172e-06
345656905,-7.981111282e-06
345839406,-1.357557583e-05
346021907,-1.037946982e-05
346204408,-8.349219652e-07
346386909,-6.663428112e-06
346569410,-3.396576905e-06
346751911,-4.051679378e-06
346934412,-6.286386068e-06
347116913,-3.835779101e-06
347299414,-2.623865066e-06
347481915,-9.666835766e-06
347664416,-1.187618057e-05
347846917,-7.694870881e-06
348029418,-3.988865704e-06
348211919,-7.952615138e-06
348394420,-1.62531731e-06
348576921,-7.243352393e-06
348759422,-8.271294749e-06
348941923,-4.180492929e-06
349124424,-3.726022516e-06
349306925,-9.36284867e-06
349489426,-1.069422654e-05
349671927,-3.522127745e-06
349854428,-5.943737121e-06
350036929,-6.867883963e-06
350219430,-3.32713835e-06
350401931,-9.507624881e-06
350584432,-9.55463374e-06
350766933,-2.959034135e-06
350949434,-3.661531263e-06
351131935,-7.627004636e-06
351314436,-7.876680648e-06
351496937,-3.481150857e-07
351679438,-6.282912802e-06
351861939,-3.096409017e-06
352044440,-6.761820127e-06
352226941,-1.151639733e-05
352409442,-8.079820228e-06
352591943,-1.919258254e-06
352774444,-1.551755686e-06
352956945,-6.089981281e-06
353139446,-4.761053854e-06
353321947,-2.586351512e-07
353504448,-4.704534876e-06
353686949,-1.497317188e-06
353869450,-9.411954284e-06
354051951,-1.229774436e-05
354234452,-6.419700063e-06
354416953,-2.832330873e-07
354599454,-2.179355935e-07
354781955,-4.452728871e-06
354964456,-5.33094107e-06
355146957,-1.538838277e-06
355329458,-1.056086002e-06
355511959,-4.040842925e-06
355694460,-1.132405392e-05
355876961,-1.020814391e-05
356059462,-3.43426538e-06
356241963,-4.62268071e-06
356424464,-1.304217493e-06
356606965,-3.933054937e-06
356789466,-6.844953339e-06
356971967,-3.002983476e-06
357154468,-8.943946362e-07
357336969,-6.001179986e-06
357519470,-1.098512925e-05
357701971,-8.469515675e-06
357884472,-9.423074293e-07
358066973,-6.150065319e-06
358249474,-8.385089784e-07
358431975,-7.630327026e-06
358614476,-8.77932236e-06
358796977,-5.239659313e-06
358979478,-1.724695987e-06
359161979,-7.299584355e-06
359344480,-9.115851833e-06
359526981,-5.004941251e-06
359709482,-5.001074392e-06
359891983,-6.586779256e-06
360074484,-2.279533396e-06
360256985,-1.046397939e-05
360439486,-1.073841331e-05
360621987,-4.764249988e-06
360804488,-2.536650284e-06
360986989,-5.837951953e-06
361169490,-6.855222817e-06
361351991,-9.094141063e-08
361534492,-6.103881211e-06
361716993,-5.116423878e-06
361899494,-6.48655418e-06
362081995,-1.228216972e-05
362264496,-1.142187792e-05
362446997,-3.739407406e-06
362629498,-1.997013892e-06
362811999,-4.4820131e-06
362994500,-3.668287665e-06
363177001,-1.199690461e-06
363359502,-5.317638102e-06
363542003,-5.447958763e-07
363724504,-9.021055818e-06
363907005,-1.425196406e-05
364089506,-9.755832797e-06
364272007,-2.474737095e-06
364454508,-7.172792523e-07
364637009,-2.458177096e-06
364819510,-1.184939582e-06
365000009,-9.198084111e-06